user_id,item_1,item_2,item_3,item_4,item_5,item_6,item_7,item_8,item_9,item_10,item_11,item_12,item_13,item_14,item_15,item_16,item_17,item_18,item_19,item_20,item_21,item_22,item_23,item_24,item_25,groupId
user_36195,1,2,4,8,3,1,9,3,7,6,1,3,1,8,9,8,8,9,3,9,9,1,2,2,2,501
user_66954,2,2,3,6,10,5,8,9,10,6,6,5,4,2,5,5,2,2,4,8,7,1,1,8,2,501
user_14039,3,7,4,1,10,9,7,2,10,9,4,9,10,9,2,7,5,10,1,6,7,2,1,9,4,501
user_96584,1,4,3,9,4,6,6,4,2,9,6,9,9,5,10,10,7,2,7,7,5,3,9,7,7,501
user_51705,3,7,2,5,5,6,4,6,6,1,10,8,10,3,3,7,3,10,6,2,5,6,9,7,1,502
user_87128,2,2,2,1,7,7,3,7,4,2,2,10,9,10,10,7,3,4,7,10,8,3,3,2,2,502
user_24927,2,4,6,6,6,3,3,7,7,9,3,8,8,6,4,6,5,1,6,3,5,4,8,6,2,503
user_80477,10,8,8,8,1,2,4,9,5,10,4,3,3,4,8,1,6,10,3,7,4,1,4,2,3,503
user_58168,8,8,3,8,1,6,3,10,3,9,2,6,4,1,8,10,7,4,6,10,3,4,1,6,1,503
user_13201,10,9,2,1,4,4,9,4,8,7,6,6,9,6,3,6,10,2,3,7,8,8,7,10,7,503
user_23106,7,3,2,5,5,1,8,1,8,4,6,2,6,8,10,5,6,10,1,5,10,5,5,10,7,503
user_28867,5,5,1,2,3,2,8,2,3,7,1,1,3,9,2,5,3,3,1,5,9,9,7,5,10,503
user_98321,7,5,10,7,5,4,9,3,7,7,5,8,9,2,5,7,5,5,1,10,4,7,5,6,10,503
user_65870,5,3,6,6,7,8,9,7,8,8,2,6,3,8,1,7,10,7,8,1,3,4,4,9,8,503
user_10554,9,5,7,2,9,9,5,4,5,2,8,6,2,3,1,9,4,10,3,8,10,9,1,1,2,504
user_44116,1,1,10,3,6,5,2,5,6,3,9,2,9,6,4,4,8,6,9,10,1,1,9,5,3,504
user_86790,10,9,3,9,9,2,7,4,2,1,2,7,8,4,10,8,8,6,7,6,1,6,6,4,10,504
user_87201,10,3,8,2,6,4,10,1,3,1,2,8,1,1,7,1,5,6,5,4,7,5,9,7,5,504
user_66687,3,10,5,1,6,2,3,1,4,3,9,9,4,9,9,9,1,2,3,9,8,7,7,2,9,504
user_60848,9,5,3,8,7,10,7,7,8,6,4,8,3,2,2,7,5,3,7,1,6,7,6,9,4,504
user_22448,10,4,10,8,10,9,9,2,9,6,3,5,3,8,5,7,6,3,5,3,1,9,3,10,5,504
user_40256,7,7,9,7,10,10,7,10,9,9,10,2,3,5,1,9,2,3,3,9,6,7,4,3,10,504
user_69843,3,10,4,2,2,8,4,6,6,9,7,3,7,8,3,6,4,6,5,7,3,2,7,7,8,505
user_82048,4,10,9,2,3,3,10,9,1,2,6,3,3,3,3,4,6,6,3,4,5,4,5,9,10,505
user_92404,10,2,3,2,2,6,10,3,2,8,7,9,4,9,9,2,4,9,5,9,5,8,7,2,2,505
user_99196,5,10,9,8,6,5,3,3,2,6,6,6,5,2,10,4,7,9,10,1,3,10,6,2,3,505
user_46416,8,4,8,4,2,3,6,9,7,10,3,3,6,9,2,5,5,1,5,8,4,8,10,4,5,506
user_33956,1,7,3,5,1,3,6,9,4,7,2,7,7,8,1,3,2,4,6,8,1,7,8,4,8,506
user_76477,6,1,5,2,4,2,5,2,10,7,2,2,6,4,6,4,7,5,4,6,1,1,9,5,8,506
user_48662,3,2,7,7,10,10,2,8,3,10,6,5,5,2,2,10,6,8,1,2,7,9,8,8,7,506
user_41428,10,5,1,10,3,1,2,6,6,9,1,4,10,5,5,5,1,1,2,5,3,9,1,9,5,507
user_56702,7,6,6,8,10,7,10,10,9,4,6,9,4,9,10,7,5,4,2,1,3,4,1,3,10,507
user_49672,8,7,5,6,1,10,6,8,1,1,10,10,7,8,1,6,9,8,9,3,5,3,7,4,1,508
user_79409,1,3,5,5,4,9,3,2,7,4,7,1,8,10,1,3,10,5,1,4,6,4,10,8,7,508
user_33234,5,4,9,10,10,10,3,4,5,2,10,6,7,8,7,3,10,3,8,9,8,3,3,2,1,508
user_11459,4,9,9,2,2,6,6,10,8,5,10,2,2,10,6,6,9,5,6,5,2,6,9,5,3,508
user_46671,5,3,7,3,5,9,10,8,1,6,5,3,10,5,3,4,9,1,2,10,6,8,9,3,6,509
user_83475,1,8,5,2,5,7,5,1,8,9,10,7,8,9,1,4,8,7,9,1,10,2,3,10,6,509
user_95443,8,6,2,6,10,4,7,2,7,3,6,8,7,6,7,10,3,8,2,1,6,1,5,6,4,510
user_88334,6,8,4,1,10,9,7,9,5,5,10,1,7,6,7,1,8,5,10,2,7,3,7,10,2,510
user_93266,3,3,9,4,8,2,9,9,1,8,10,4,1,8,2,7,6,10,3,1,7,5,7,1,3,511
user_79132,6,5,8,10,3,1,6,1,8,4,2,7,10,8,5,4,1,6,7,6,6,5,8,4,8,511
user_28558,8,6,9,4,1,10,9,6,4,4,2,10,1,2,3,9,8,2,7,10,6,5,3,10,5,511
user_10142,1,6,9,6,7,9,7,10,7,2,5,2,10,3,4,9,6,1,1,6,1,6,4,7,5,511
user_65596,7,9,8,10,5,1,2,8,10,7,1,4,3,2,2,9,1,5,8,2,2,9,4,8,7,512
user_24890,4,6,7,10,10,6,5,6,6,5,1,9,2,9,4,9,5,5,5,5,9,10,6,3,4,512
user_50007,4,6,5,9,5,3,9,4,4,4,7,2,5,10,7,2,10,9,2,4,7,1,6,4,4,512
user_92607,10,3,7,10,3,1,5,3,3,5,7,7,5,1,2,10,10,6,9,10,6,6,1,1,1,512
user_58987,6,2,4,9,6,8,9,1,7,4,9,8,4,2,5,5,10,6,10,8,5,1,4,4,2,512
user_13449,9,6,8,6,6,9,8,1,8,7,9,7,10,5,6,2,9,3,10,4,2,6,4,7,6,512
user_78663,9,2,6,8,9,4,9,3,7,3,1,6,4,9,4,8,9,9,1,4,3,3,8,1,9,512
user_22428,10,6,5,1,1,2,3,1,7,9,8,10,3,7,2,8,8,4,7,5,8,3,10,8,4,512
user_63957,7,4,9,2,4,10,3,5,4,5,4,1,5,7,8,2,1,3,3,7,6,10,2,10,2,513
user_91209,1,3,2,10,3,7,4,10,10,8,2,7,2,2,7,2,5,10,9,2,9,6,5,1,9,513
user_10930,10,7,7,9,1,5,4,2,9,3,9,5,8,5,7,9,6,10,6,1,10,6,3,5,7,514
user_48887,9,9,5,9,2,10,2,10,8,4,4,5,3,8,2,10,5,4,9,8,1,3,3,7,9,514
user_19130,9,7,1,5,1,1,6,8,10,2,3,10,9,10,5,2,8,1,9,3,1,4,1,4,5,514
user_74009,4,2,7,10,10,3,7,8,2,3,8,6,8,7,8,2,1,5,7,9,5,7,6,4,1,514
user_91284,5,9,7,5,3,2,4,4,10,6,7,2,4,10,8,4,5,3,10,9,9,4,10,8,1,515
user_42387,3,1,10,10,4,9,4,1,10,10,4,3,2,9,2,2,8,4,1,10,8,6,6,3,5,515
user_72847,8,7,4,2,9,4,10,4,10,9,3,9,6,3,9,1,3,7,10,6,2,6,2,4,8,515
user_20918,7,3,8,5,8,3,3,5,2,9,5,7,4,8,10,9,6,9,1,7,7,4,6,1,3,515
user_86146,2,1,2,3,8,8,4,7,5,8,2,3,9,4,10,10,1,1,9,9,7,1,4,10,3,516
user_51376,4,9,9,5,8,8,3,1,4,8,3,1,10,2,5,7,10,7,4,10,5,9,10,1,1,516
user_93704,10,5,3,4,6,3,3,4,7,2,4,7,8,10,10,7,6,8,8,7,3,7,3,8,6,516
user_33784,7,9,10,6,7,4,4,6,2,5,9,2,4,8,4,3,8,9,1,5,10,10,1,8,9,516
user_45978,3,1,10,7,1,6,6,5,10,8,10,6,3,6,2,9,7,10,1,7,8,1,1,6,7,516
user_53860,6,5,6,9,1,5,10,9,10,6,4,1,2,8,3,4,2,5,6,10,6,5,8,5,7,516
user_98363,1,7,5,9,3,9,10,8,3,3,4,4,8,5,6,1,3,5,1,8,10,5,1,4,4,516
user_77111,7,7,3,9,7,4,4,3,4,10,8,8,5,5,9,8,2,10,5,4,10,5,2,10,8,516
user_46713,3,4,10,7,5,2,3,8,4,6,2,7,7,7,3,5,9,9,4,5,6,9,7,4,7,517
user_23113,1,9,5,6,4,10,3,9,2,8,4,5,4,10,6,1,6,7,1,1,6,8,3,5,10,517
user_67629,8,5,5,7,8,8,8,1,8,7,2,6,2,9,8,1,1,6,5,9,2,5,8,8,3,517
user_34628,9,7,1,4,8,6,3,5,3,10,8,3,8,10,2,1,7,3,4,10,8,5,1,10,3,517
user_35410,7,7,7,5,9,2,4,6,4,9,9,7,9,8,8,9,1,7,4,8,8,4,7,9,2,518
user_73764,3,8,6,5,2,4,2,4,7,8,7,3,5,5,7,1,8,5,6,1,4,3,9,6,7,518
user_70012,1,1,10,9,9,10,10,1,10,7,5,2,1,4,7,5,10,10,8,4,3,5,1,6,10,518
user_59329,2,5,2,4,1,6,2,6,5,7,8,5,8,9,4,3,7,2,2,1,3,4,1,1,6,518
user_63930,8,5,4,2,10,1,3,9,4,5,9,7,2,5,9,4,9,7,2,9,4,7,9,1,9,518
user_28624,10,6,9,5,5,5,7,1,1,1,4,6,9,2,5,6,6,8,8,1,8,1,9,4,4,518
user_31125,3,1,2,5,2,8,5,2,9,3,8,3,3,10,5,9,5,5,5,3,6,3,10,2,5,518
user_29416,4,9,1,8,3,3,2,7,7,4,7,7,5,2,10,5,7,5,8,8,4,8,5,1,10,518
user_25044,9,10,9,9,9,4,4,10,9,8,4,5,3,1,10,10,10,9,4,10,1,8,9,2,9,519
user_88946,2,6,6,1,10,10,8,7,1,4,9,8,7,9,1,3,1,1,10,9,10,3,1,6,3,519
user_20797,7,1,1,9,7,1,8,6,5,9,1,1,2,9,9,6,4,6,3,9,6,1,5,1,1,520
user_83952,4,7,2,5,4,8,3,8,7,6,6,3,6,10,10,7,6,1,4,9,5,2,3,2,8,520
user_17342,3,5,6,7,6,2,3,10,7,7,9,3,7,2,1,1,6,8,3,8,1,10,6,1,10,520
user_98356,2,5,8,10,3,5,8,6,10,3,4,7,4,7,10,3,1,2,10,4,6,9,6,7,2,520
user_87399,1,9,5,5,2,6,2,2,10,10,1,4,5,6,10,8,4,10,6,2,6,10,2,6,5,520
user_81863,10,3,2,6,2,3,10,4,7,6,1,10,4,1,7,9,8,8,1,9,4,4,1,8,5,520
user_50530,2,4,2,4,8,5,6,7,5,9,6,5,5,7,7,8,5,3,10,6,8,7,9,4,8,520
user_90251,8,4,3,2,10,6,2,7,1,7,4,10,2,1,7,4,2,3,1,6,6,10,10,4,2,520
user_67196,1,10,10,2,10,4,7,9,10,5,2,9,10,9,2,10,4,9,4,4,1,7,2,6,9,521
user_23248,8,8,10,4,4,2,8,4,6,2,3,5,1,7,9,1,6,6,5,5,10,7,4,5,1,521
user_85553,2,1,3,1,4,8,2,1,6,2,6,6,1,7,9,2,7,8,6,8,2,10,2,3,10,521
user_91724,6,8,10,10,7,4,10,7,6,5,9,2,2,1,8,1,6,9,10,5,1,2,6,1,9,521
user_51365,9,5,8,8,8,6,7,8,6,1,9,7,6,6,3,3,9,1,5,6,6,8,2,8,10,521
user_71606,6,1,8,9,8,9,8,10,1,4,10,3,3,1,5,6,8,6,2,10,9,2,10,9,1,521
user_20266,4,10,1,4,6,8,9,10,8,8,9,10,4,8,2,5,7,1,9,6,9,5,9,10,9,521
user_86002,2,9,3,4,4,6,8,10,7,3,3,5,5,2,1,2,3,3,3,10,1,8,9,4,4,521
user_13543,8,2,6,2,2,1,5,7,3,2,8,5,5,9,8,5,4,9,10,6,1,10,1,8,9,522
user_54463,10,8,8,8,7,8,6,2,7,6,6,9,6,5,9,8,5,5,9,2,6,5,5,5,4,522
user_63937,10,4,6,4,2,1,6,5,10,8,2,5,8,6,5,9,9,3,7,7,4,1,1,4,1,522
user_73456,3,10,1,8,3,8,3,10,1,7,10,7,10,7,6,8,6,8,8,4,9,2,3,6,3,522
user_74758,1,5,9,4,8,8,3,8,5,5,1,10,9,7,10,4,5,8,1,3,4,2,10,5,5,523
user_47281,5,8,3,7,2,4,7,9,1,3,6,9,9,2,8,10,10,7,3,4,4,4,6,9,2,523
user_14723,4,7,8,7,7,4,6,1,9,8,3,4,6,3,2,2,2,1,8,8,6,4,2,10,10,523
user_77014,5,8,10,7,10,2,8,2,7,3,5,3,2,5,10,3,10,6,10,10,6,3,7,3,3,523
user_73155,6,3,2,3,3,8,4,5,1,5,1,2,4,3,2,9,6,6,8,7,2,5,2,6,3,523
user_69162,5,3,2,7,7,1,2,9,6,1,1,10,7,4,7,5,3,4,3,6,2,8,3,5,1,523
user_91863,7,1,7,4,2,10,3,10,4,6,2,7,8,7,7,2,9,3,7,9,3,5,9,2,5,523
user_30007,8,8,8,3,9,10,9,1,8,6,7,10,2,8,5,2,9,8,9,5,7,3,3,9,3,523
user_25568,7,9,2,9,6,10,5,4,10,8,10,4,2,1,5,8,7,3,7,4,9,2,2,6,6,524
user_54563,8,3,8,6,2,6,8,6,6,6,10,4,3,5,6,5,6,4,9,5,3,1,9,1,9,524
user_31386,8,5,8,10,3,5,4,1,5,1,8,5,2,8,2,7,10,8,1,5,4,10,5,7,9,524
user_36773,8,3,2,6,10,3,8,5,6,2,3,10,2,1,9,8,9,5,5,4,10,4,7,5,5,524
user_95340,6,10,6,7,5,5,3,1,4,1,10,5,9,6,8,5,8,8,6,8,3,3,7,4,7,524
user_20633,10,5,3,1,5,10,5,6,3,10,3,9,5,6,6,7,4,5,3,3,6,1,1,1,7,524
user_99012,6,1,6,5,10,2,6,8,10,5,1,5,5,6,3,6,2,4,2,5,10,2,4,10,10,524
user_38320,1,2,8,8,1,5,6,3,5,6,6,1,4,8,3,10,2,7,2,8,7,1,8,2,10,524
user_58565,4,6,9,2,9,7,6,1,3,4,7,7,3,3,10,4,3,10,5,4,10,7,6,2,1,525
user_49760,7,5,4,3,3,3,5,8,7,2,2,5,1,2,5,5,5,6,10,8,3,1,4,5,1,525
user_25171,1,4,10,9,8,9,9,6,4,8,4,9,4,1,10,9,8,9,1,2,7,9,7,5,1,526
user_96117,8,9,6,1,5,6,3,3,6,4,7,5,4,4,9,8,8,8,4,7,7,4,6,9,1,526
user_39423,5,10,6,6,1,5,9,5,6,1,4,2,6,9,8,6,3,1,1,10,1,4,7,10,2,526
user_27488,4,3,4,10,4,3,3,3,3,5,6,6,5,7,5,8,3,9,10,6,1,8,6,4,6,526
user_74098,7,7,5,9,7,8,3,10,8,9,7,4,2,10,4,7,6,1,7,9,2,8,9,4,5,527
user_89027,7,9,5,9,1,7,9,10,10,4,3,5,7,5,10,4,3,8,6,6,2,7,10,1,2,527
user_99037,3,5,3,9,9,7,7,10,2,4,1,4,3,3,9,1,8,3,2,4,6,1,8,6,9,528
user_42726,8,8,7,8,6,5,10,9,1,5,1,3,5,6,2,8,4,10,6,9,6,6,4,2,10,528
user_93766,4,1,6,1,8,2,3,9,8,8,5,4,8,1,5,7,9,4,6,5,5,3,4,1,2,529
user_91393,4,7,1,6,1,7,10,1,4,5,8,9,3,9,2,4,10,7,1,5,4,2,2,10,9,529
user_92728,1,3,1,1,1,5,6,7,4,10,10,5,7,1,1,1,10,2,3,2,9,1,3,3,4,529
user_19019,4,8,3,5,2,4,2,5,7,2,6,7,10,1,6,7,4,6,4,2,1,1,1,9,9,529
user_74286,10,6,3,3,2,9,5,1,3,2,8,3,3,3,9,1,1,4,3,4,1,9,3,2,7,530
user_67284,1,3,7,10,6,9,9,6,2,10,7,1,7,3,6,8,8,5,2,2,1,8,7,1,7,530
user_26422,8,2,8,4,5,6,4,10,7,8,5,8,9,6,9,3,1,9,1,10,1,3,9,8,8,530
user_32188,4,6,3,6,10,8,8,6,2,5,1,5,6,5,2,4,1,10,10,10,6,5,8,2,10,530
user_29519,10,9,1,9,4,4,10,10,6,4,4,10,5,7,7,1,2,8,8,10,7,9,4,3,2,530
user_57413,9,1,8,2,1,10,7,6,10,6,7,5,8,5,8,2,9,2,9,5,8,3,1,7,2,530
user_17607,1,7,6,1,5,1,8,7,6,2,4,8,3,9,9,10,4,7,3,3,1,5,5,1,5,530
user_16445,9,4,3,4,4,5,8,8,9,4,3,8,1,3,1,9,3,9,5,1,9,8,9,2,1,530
user_81394,9,8,7,6,7,6,8,2,9,6,9,6,1,3,5,8,10,8,2,2,9,7,5,1,7,531
user_54436,9,5,1,1,6,5,3,1,8,3,3,8,5,2,6,8,5,9,7,4,9,4,2,6,8,531
user_99672,1,10,10,5,5,3,7,3,5,3,4,10,9,6,10,10,10,8,4,8,3,6,7,5,5,532
user_46924,1,7,4,4,2,9,4,7,1,2,7,7,1,7,4,4,9,7,2,2,8,3,1,2,9,532
user_47269,6,5,5,8,7,6,3,2,4,2,6,7,2,6,1,6,7,9,1,7,8,10,3,9,2,533
user_54387,5,9,4,10,2,4,3,5,3,1,9,7,9,3,8,5,7,9,6,7,8,4,8,9,9,533
user_83401,10,1,9,5,3,8,7,7,7,9,3,8,6,5,8,3,7,2,10,7,6,8,3,3,9,534
user_35647,2,10,6,5,7,6,3,2,9,1,10,4,1,6,2,7,2,5,2,10,1,1,9,7,6,534
user_67129,7,4,8,10,4,9,10,9,6,5,9,8,1,2,1,10,8,7,4,1,6,2,8,2,4,534
user_24178,2,5,9,3,10,3,4,8,9,5,6,1,4,8,9,6,3,3,4,1,3,2,4,10,1,534
user_88710,1,10,2,10,8,8,6,3,3,8,3,3,1,2,10,7,1,7,6,9,5,7,10,8,5,535
user_24169,5,7,7,7,6,5,7,2,10,5,4,4,10,9,1,6,2,8,2,9,10,8,8,4,5,535
user_26879,5,2,1,5,9,1,3,4,3,3,9,6,6,7,9,2,2,9,8,8,2,9,2,10,2,535
user_88864,4,7,10,7,3,7,8,9,9,5,4,8,8,8,6,7,8,2,8,7,2,5,5,8,10,535
user_71369,9,8,6,8,8,1,8,3,10,10,10,8,7,7,3,6,1,2,4,6,5,5,7,8,2,536
user_97536,9,1,4,5,4,6,5,8,2,6,5,8,2,7,1,5,2,5,9,9,2,4,4,9,9,536
user_61582,10,3,6,2,8,3,9,7,8,7,2,9,5,8,7,10,6,6,10,3,6,10,6,8,6,536
user_60301,6,4,5,1,9,4,1,9,3,10,1,6,1,6,3,5,1,9,9,10,8,2,3,8,5,536
user_45193,6,5,4,1,7,1,3,4,7,4,1,6,1,5,4,9,1,6,1,7,6,5,6,4,8,537
user_59045,8,1,4,1,5,1,6,6,9,3,10,5,3,3,5,2,3,5,5,10,9,4,6,8,3,537
user_41891,8,10,10,3,7,4,9,8,2,2,10,1,4,6,3,5,2,10,7,3,2,6,10,4,7,537
user_48994,10,4,1,6,9,7,9,10,5,4,2,3,6,7,4,10,6,4,2,10,10,9,9,5,4,537
user_19582,10,5,6,5,5,2,8,1,1,1,5,1,2,1,5,1,5,8,9,7,8,8,2,8,5,538
user_26210,8,10,4,5,8,9,7,2,8,8,10,10,4,5,10,6,1,7,9,8,9,3,3,5,1,538
user_76737,9,2,3,9,2,10,1,4,1,6,7,1,9,3,1,3,4,9,6,2,3,4,7,4,2,539
user_70929,9,9,5,2,8,2,9,8,1,8,3,1,10,5,8,9,10,1,8,9,10,1,9,2,9,539
user_31636,4,9,1,5,1,9,4,5,9,4,5,5,1,6,9,7,1,4,1,3,5,2,9,2,2,539
user_49790,4,6,9,7,2,10,2,1,3,9,7,1,3,5,8,5,9,7,10,7,4,9,7,10,1,539
user_24595,6,5,5,8,5,10,1,4,10,10,5,6,6,8,2,7,1,8,2,1,3,3,1,1,6,539
user_44516,1,2,1,9,8,7,2,3,7,1,8,7,2,7,2,6,2,8,10,9,10,3,6,7,3,539
user_12037,8,10,5,8,9,7,10,5,6,2,5,6,4,5,7,1,8,2,4,8,8,3,1,4,7,539
user_58740,5,7,7,10,2,2,2,3,4,9,5,7,8,6,4,1,5,1,10,3,1,2,4,3,9,539
user_88727,1,8,5,5,5,2,4,7,4,4,7,9,1,8,4,8,10,8,9,4,8,9,4,2,3,540
user_33951,5,1,6,1,3,5,9,9,2,1,10,1,4,5,3,6,5,2,4,5,10,8,7,6,10,540
user_57072,2,1,1,4,1,2,4,1,7,3,4,7,6,1,8,10,9,1,1,7,6,5,5,10,9,540
user_12138,4,10,9,6,10,1,7,4,5,2,3,9,1,3,2,4,6,1,5,5,9,9,7,2,9,540
user_35832,4,2,6,8,9,7,9,9,1,2,4,5,1,9,2,1,7,4,2,2,10,1,2,6,5,540
user_16521,10,8,10,7,1,9,6,7,7,4,8,5,9,7,6,4,9,1,9,7,3,9,1,10,10,540
user_51665,2,3,9,1,3,7,8,5,7,5,7,5,2,8,6,10,10,4,10,5,1,4,8,10,10,540
user_51783,7,6,3,9,8,2,1,2,3,3,10,9,9,1,1,1,2,8,6,1,10,7,4,2,7,540
user_94724,8,7,7,10,9,1,5,4,4,5,4,8,5,9,7,10,1,6,4,6,6,3,5,7,1,541
user_24736,9,1,9,9,5,7,1,8,6,4,7,6,8,7,5,1,7,1,3,6,9,2,5,3,3,541
user_92042,3,10,7,5,5,4,8,5,9,10,4,9,10,8,2,7,6,10,2,4,6,10,2,2,2,542
user_32970,10,3,3,5,6,10,1,9,6,6,6,5,5,10,7,6,6,2,1,4,9,2,1,4,2,542
user_42801,8,4,5,1,7,2,7,8,4,4,1,10,1,9,10,7,5,8,9,2,4,8,6,6,3,542
user_11241,10,7,6,5,5,7,6,3,9,3,3,10,5,7,8,2,1,3,6,7,4,6,3,3,10,542
user_84871,3,2,6,3,4,10,6,5,10,6,3,4,9,3,1,7,4,10,9,9,2,8,10,4,10,542
user_11385,5,1,4,10,2,9,6,4,9,10,8,5,7,7,4,3,3,8,8,5,3,10,5,5,3,542
user_85145,10,2,7,6,5,2,6,6,1,4,5,8,5,4,4,1,9,2,7,1,10,2,3,8,6,542
user_98346,2,8,9,10,6,10,9,4,7,10,10,8,2,3,7,1,2,6,6,2,10,10,7,10,3,542
user_23116,3,2,4,9,6,4,4,7,8,4,6,4,6,7,3,5,6,10,4,4,5,5,5,8,9,543
user_40488,2,5,8,8,7,7,6,5,1,5,8,10,4,4,7,3,9,3,8,3,5,1,8,2,2,543
user_55300,9,8,8,5,4,2,5,5,7,8,5,4,4,10,10,2,10,5,7,6,8,10,5,4,5,544
user_78583,7,5,6,6,1,10,9,4,2,9,7,5,5,2,6,8,3,5,9,6,8,10,3,6,1,544
user_13983,5,5,5,8,5,5,7,9,3,9,9,2,5,4,3,6,6,1,10,4,8,3,6,3,5,544
user_73581,9,9,4,1,9,10,3,3,3,9,10,8,10,2,1,3,4,1,5,10,3,9,5,6,1,544
user_75083,8,4,10,4,7,1,7,4,5,8,9,2,7,6,2,4,4,5,1,4,5,9,5,5,8,545
user_90507,4,2,4,8,5,2,5,2,8,3,1,6,7,4,8,1,8,6,1,10,3,5,9,3,7,545
user_82636,5,10,6,1,6,3,1,8,7,3,1,7,7,1,9,2,4,9,4,6,10,2,6,4,1,546
user_96960,10,3,4,7,3,7,9,9,4,3,3,9,2,7,5,2,8,4,2,10,10,7,3,7,10,546
user_42660,2,8,8,5,10,10,3,3,8,8,10,8,9,2,10,8,5,7,5,2,10,9,4,6,8,546
user_55563,10,2,8,9,8,4,4,2,10,7,6,1,1,5,7,2,4,8,8,8,5,4,10,8,6,546
user_47008,1,9,2,9,5,2,3,1,3,1,6,3,6,2,2,1,4,9,7,6,8,2,10,9,10,546
user_59804,4,3,10,3,1,2,2,1,3,3,1,8,1,5,1,8,2,5,8,7,1,4,5,7,2,546
user_49395,6,6,7,4,4,9,8,8,7,2,9,2,9,3,6,9,7,3,1,6,6,8,8,5,6,546
user_92710,5,8,1,1,6,6,2,7,5,8,8,2,10,3,3,3,8,2,5,6,7,4,1,8,4,546
user_95533,2,1,5,7,7,5,2,9,2,9,1,7,9,3,9,9,3,2,9,2,4,8,8,7,10,547
user_77642,6,3,7,2,4,7,8,4,3,4,10,10,4,4,6,1,1,4,8,2,4,7,8,10,1,547
user_64484,7,1,10,1,10,4,2,4,2,7,9,3,7,4,9,4,1,10,2,3,10,5,6,5,8,548
user_11475,7,1,7,9,9,7,9,3,1,5,9,10,9,7,8,8,5,2,10,5,6,1,6,9,7,548
user_68500,9,2,10,7,2,1,5,5,6,7,1,6,4,3,8,8,5,7,4,8,8,8,3,9,5,549
user_41918,6,9,6,2,3,1,1,5,5,7,8,6,3,8,5,3,1,2,7,6,8,7,8,4,10,549
user_78115,2,10,3,10,2,3,5,6,3,10,10,6,10,4,9,8,8,5,10,4,8,9,10,8,6,549
user_97123,6,7,10,6,10,5,9,1,2,3,3,3,5,2,4,6,8,6,3,10,3,2,7,1,1,549
user_69076,6,3,8,2,7,5,6,3,9,7,2,1,3,9,10,6,6,6,5,1,7,1,5,10,3,550
user_13923,8,3,5,3,8,8,1,4,7,10,6,3,8,7,4,10,8,1,10,8,7,9,3,7,3,550
user_78427,6,9,9,3,8,10,3,1,10,2,3,4,1,9,10,5,4,9,6,9,6,8,6,10,3,551
user_49902,7,7,4,4,5,7,3,7,3,6,4,3,5,9,2,1,5,3,3,8,1,2,9,4,1,551
user_41202,2,2,2,6,2,3,1,3,7,5,8,6,4,5,3,7,2,1,5,6,2,8,4,2,7,552
user_54464,10,5,10,9,4,7,3,2,10,8,9,1,2,9,7,5,3,2,10,6,8,5,5,3,8,552
user_86710,3,4,10,5,6,2,2,7,4,1,8,7,1,8,7,10,6,8,10,9,9,7,6,4,7,552
user_77332,8,10,9,10,2,9,1,10,3,6,5,4,9,10,6,10,10,8,4,8,9,9,4,3,4,552
user_42676,9,3,10,4,9,3,7,7,4,10,1,9,2,7,10,7,9,8,10,7,6,7,2,9,2,553
user_48197,6,10,10,6,4,3,7,3,5,6,7,2,6,9,4,8,1,7,9,9,8,4,7,2,3,553
user_62057,9,9,1,10,3,10,4,2,1,9,7,5,2,6,4,1,9,2,5,1,5,3,5,9,2,553
user_84492,2,8,1,2,10,10,10,5,4,5,7,8,3,10,6,10,1,8,7,6,3,8,9,2,9,553
user_90070,3,1,8,7,1,3,4,1,10,1,5,6,9,4,6,1,1,8,10,9,2,9,4,9,1,554
user_96274,1,3,7,6,4,5,8,9,4,3,10,6,3,1,5,4,5,10,8,4,8,5,2,7,2,554
user_14729,3,6,3,2,7,7,8,6,4,4,9,3,10,4,6,5,7,8,3,5,6,1,4,1,4,555
user_43160,5,8,7,6,6,3,7,1,9,10,10,7,5,4,1,4,4,9,1,9,4,3,6,10,4,555
user_42903,6,2,7,9,8,6,6,8,7,7,5,1,1,7,4,7,7,9,5,5,4,5,6,6,8,556
user_38338,4,5,3,9,10,3,9,7,10,3,5,3,9,5,7,8,4,3,1,5,2,8,7,4,7,556
user_90079,10,10,2,2,2,8,6,6,7,6,2,3,3,5,1,9,5,6,8,2,8,1,2,6,5,556
user_37210,10,6,10,8,4,8,7,9,8,8,2,2,2,3,9,2,10,9,4,7,3,2,10,9,7,556
user_88511,10,9,4,7,2,4,9,5,5,9,6,10,3,2,1,1,10,6,7,6,4,3,1,4,7,556
user_56704,3,4,3,6,1,9,1,1,6,10,3,10,8,9,9,4,8,2,2,6,6,1,4,10,6,556
user_92468,10,10,10,5,9,5,4,1,10,1,2,7,8,6,3,3,2,9,6,7,5,4,4,6,5,556
user_29210,6,8,2,2,3,5,1,1,10,5,4,3,3,9,8,10,4,6,10,3,10,5,6,9,1,556
user_19999,2,4,2,4,10,6,1,8,1,6,6,9,1,9,4,9,6,2,7,9,9,1,1,5,8,557
user_40482,6,8,6,8,9,4,6,7,4,4,2,4,4,9,5,7,7,1,5,9,2,6,10,1,6,557
user_94832,8,4,4,4,7,5,10,1,5,9,10,1,2,2,6,5,4,2,4,3,8,8,9,6,4,557
user_16675,8,10,4,3,2,5,6,9,4,3,2,4,6,1,2,5,5,6,4,9,8,5,7,6,4,557
user_83877,2,8,5,2,5,1,5,3,7,3,1,9,1,8,3,9,6,4,5,6,1,6,4,2,8,558
user_14115,10,2,5,4,8,4,1,5,7,5,7,3,4,1,5,9,6,7,4,1,6,2,8,10,3,558
user_75160,3,2,1,7,4,9,5,10,2,5,6,6,7,4,4,1,5,4,5,8,6,8,2,2,6,558
user_55501,7,3,7,9,3,8,2,6,3,3,5,10,6,3,6,9,2,6,5,5,10,7,6,6,9,558
user_41677,2,3,4,7,5,5,10,7,9,3,6,10,4,7,4,5,10,3,4,7,3,6,4,9,5,559
user_85986,2,2,8,5,1,4,3,7,2,10,5,10,2,2,10,10,10,4,6,10,1,8,2,4,2,559
user_65464,9,6,8,4,4,4,8,5,10,9,5,3,4,7,8,7,5,4,5,6,4,1,4,4,2,560
user_12432,7,3,10,5,8,5,1,4,7,6,9,9,4,8,10,9,10,6,9,8,10,9,9,9,4,560
user_42168,1,2,5,3,3,5,2,9,10,10,7,6,1,1,10,5,5,7,6,4,4,7,6,4,3,560
user_16707,3,1,9,10,10,6,8,4,3,3,9,7,5,3,2,2,8,10,2,6,5,4,3,10,8,560
user_79715,8,4,4,3,8,6,5,6,8,2,3,8,4,1,1,10,5,5,5,7,7,5,1,2,2,561
user_82231,5,6,3,5,2,3,7,9,2,6,10,9,7,5,10,7,1,7,2,7,7,5,8,7,6,561
user_59389,7,6,4,9,9,9,9,2,10,5,1,6,7,9,5,8,1,7,7,1,5,7,8,6,4,561
user_64286,4,6,10,6,8,9,8,5,6,5,5,8,1,5,5,8,6,5,9,10,2,8,6,4,2,561
user_96234,5,10,4,1,3,1,4,8,7,2,9,8,2,4,5,4,10,2,1,2,6,7,9,10,7,562
user_70871,2,5,6,8,8,7,1,10,10,3,5,8,5,7,4,10,1,1,8,2,2,4,7,3,6,562
user_61025,6,6,6,7,10,1,1,4,7,7,6,9,4,5,1,7,6,6,3,1,4,5,1,7,2,562
user_48421,9,8,1,2,1,7,6,10,4,3,2,1,2,1,2,8,7,3,4,7,5,1,10,2,4,562
user_60454,2,7,5,3,3,5,10,6,1,7,6,8,6,2,10,6,4,5,8,4,1,3,2,6,5,563
user_42596,9,10,7,1,5,4,2,8,10,5,7,7,5,3,2,3,5,6,6,3,2,5,5,2,6,563
user_15645,1,9,3,1,3,1,8,7,4,4,6,5,2,7,9,6,5,7,7,1,4,9,1,4,9,563
user_67833,7,1,6,10,2,7,7,8,9,2,2,5,3,2,7,7,9,1,6,1,10,2,7,6,6,563
user_70999,1,6,6,5,1,5,4,1,4,4,8,1,1,4,8,3,7,2,3,1,7,7,10,7,6,564
user_64182,6,6,3,4,7,2,10,7,2,5,8,5,1,1,5,2,9,3,1,5,8,1,9,6,1,564
user_14930,6,3,7,2,2,6,3,6,10,4,9,9,2,3,4,10,4,3,9,9,2,4,9,2,6,564
user_97282,4,7,2,3,7,7,4,9,5,8,10,5,6,6,8,4,3,5,4,1,4,9,5,7,10,564
user_83606,1,8,3,8,1,10,6,9,3,8,9,5,10,10,1,4,3,10,4,10,1,6,8,8,2,565
user_29034,5,6,9,1,9,7,2,2,8,8,7,10,5,7,3,2,2,2,7,2,10,8,2,8,10,565
user_40716,9,4,10,4,6,8,3,6,5,8,4,5,1,2,7,10,1,5,9,8,10,2,10,7,6,565
user_15769,2,8,3,3,3,9,1,5,7,2,5,8,1,4,8,4,10,5,4,7,10,3,4,1,3,565
user_92213,8,7,9,9,4,4,7,9,5,9,4,9,7,3,9,2,9,5,7,7,2,4,10,1,3,566
user_10184,6,4,4,1,9,7,8,2,3,2,5,6,7,8,2,6,9,8,5,4,9,2,3,2,9,566
user_95371,4,3,9,7,3,1,7,8,2,5,5,9,7,1,7,3,5,10,8,9,9,3,6,6,2,566
user_49855,5,1,9,7,3,10,4,9,2,4,10,5,9,8,2,5,6,8,5,9,5,5,5,9,3,566
user_90717,9,7,4,1,1,9,5,8,5,2,8,3,4,7,2,2,4,9,10,1,1,10,8,4,7,567
user_25395,1,3,10,9,2,2,10,8,6,2,1,2,4,9,9,8,2,4,5,1,5,3,5,6,1,567
user_34280,10,7,4,9,6,1,8,2,5,6,3,8,3,9,7,3,1,10,4,2,3,1,3,8,2,568
user_38589,6,5,6,2,1,8,5,5,8,7,9,4,2,3,10,3,1,2,4,3,5,3,6,5,10,568
user_73694,8,5,7,1,7,6,5,4,1,2,4,3,8,2,6,4,4,4,10,5,5,5,5,2,5,569
user_78904,5,2,2,9,10,10,8,4,5,4,2,7,2,2,4,3,3,4,5,3,1,6,7,5,9,569
user_51889,8,3,9,10,9,5,8,10,8,3,4,5,4,7,1,9,4,10,2,3,9,5,7,2,5,570
user_12485,3,3,2,2,10,2,8,2,9,2,3,10,2,5,1,8,10,9,7,7,4,8,3,6,7,570
user_11391,6,9,2,3,9,3,5,5,7,7,4,4,5,6,8,10,1,10,6,10,6,4,3,4,5,570
user_13098,10,5,4,10,10,2,9,5,6,8,5,5,7,4,9,3,9,9,4,6,1,7,7,9,4,570
user_45151,5,3,9,10,1,6,10,3,1,10,10,7,2,5,9,1,9,8,9,1,5,5,3,2,8,571
user_89589,4,9,9,3,7,4,10,4,6,3,8,9,9,10,8,7,4,8,8,10,6,6,1,9,1,571
user_75427,2,3,8,6,6,3,1,6,9,1,1,5,8,7,8,5,6,8,7,7,1,3,1,6,10,571
user_92699,10,7,2,8,8,8,6,10,6,2,8,1,2,1,5,9,4,3,6,7,9,10,9,10,1,571
user_19106,9,8,3,8,1,4,7,1,2,9,4,3,3,8,9,1,9,9,10,1,10,6,10,4,7,571
user_63517,7,1,7,2,6,5,5,3,10,6,1,8,7,4,10,1,4,5,7,2,10,4,9,4,3,571
user_73060,6,9,4,3,3,4,9,10,10,1,2,3,3,7,1,7,6,8,1,9,4,2,3,4,10,571
user_76359,3,4,3,2,1,9,6,1,7,10,1,6,9,8,5,8,8,4,10,8,2,8,7,10,6,571
user_36500,10,7,3,1,4,7,8,5,3,10,4,5,2,5,9,5,2,4,5,9,2,4,1,6,2,572
user_48649,9,10,6,3,5,5,7,2,1,8,2,1,5,2,1,7,6,10,10,3,7,6,8,5,1,572
user_40901,3,4,3,4,8,4,8,4,1,5,5,7,7,5,6,7,6,7,7,10,9,6,1,4,9,572
user_72063,8,10,2,3,8,7,7,1,8,5,2,10,4,7,1,1,6,2,2,3,6,7,5,9,6,572
user_47955,5,5,3,2,2,4,1,10,1,10,3,5,1,7,6,2,7,2,9,9,3,10,6,10,10,572
user_49550,3,5,1,7,9,1,8,6,1,9,1,7,4,7,10,2,4,9,10,5,6,4,2,3,2,572
user_79334,5,9,4,9,2,8,4,6,10,5,5,7,6,10,5,2,7,2,7,6,9,10,3,8,6,572
user_92225,1,3,3,5,8,6,10,2,5,5,7,1,9,8,1,7,10,4,10,1,3,6,2,5,3,572
user_52686,7,4,8,3,5,10,7,7,4,9,2,5,3,10,3,2,8,7,8,4,4,5,3,7,2,573
user_43166,2,3,4,1,7,1,7,8,10,5,3,1,9,7,6,9,8,1,1,8,3,10,4,9,5,573
user_77041,5,9,1,2,2,9,3,9,6,1,6,1,10,5,5,2,2,5,7,1,8,9,2,10,10,573
user_72059,10,9,3,4,4,8,4,2,3,5,2,6,2,2,4,6,2,2,10,4,1,5,10,3,7,573
user_34571,9,1,10,3,4,3,10,1,6,10,6,4,2,5,9,2,2,10,2,6,1,7,8,6,4,573
user_53056,9,4,5,7,8,8,7,3,9,4,9,2,3,3,9,1,4,5,2,9,7,7,3,3,6,573
user_91594,3,5,2,9,2,4,3,5,6,2,10,7,10,8,6,3,9,10,9,3,8,9,6,7,9,573
user_70174,3,2,2,4,7,3,9,4,10,5,2,6,1,6,8,2,4,2,6,6,1,2,10,3,6,573
user_52338,1,4,10,8,4,4,2,6,4,4,7,7,4,5,1,6,7,4,7,10,9,2,2,6,3,574
user_72674,4,6,6,9,9,5,1,4,3,6,3,4,6,3,6,5,4,8,3,7,4,5,4,10,10,574
user_87986,4,8,8,1,9,1,8,3,7,10,8,10,10,8,2,7,7,1,6,10,1,6,6,9,8,574
user_51221,8,9,5,7,3,8,10,9,6,6,8,6,1,2,8,2,9,4,4,9,1,1,8,7,8,574
user_46173,10,8,10,1,3,6,8,6,2,6,7,9,8,5,3,4,4,9,3,3,1,9,6,7,1,574
user_62163,5,7,1,1,4,5,9,10,5,5,9,9,5,6,10,4,3,2,2,9,10,10,9,9,7,574
user_39865,2,9,1,6,2,1,1,8,4,3,8,4,5,4,10,2,10,10,1,10,4,8,10,3,3,574
user_83670,5,2,4,1,9,1,1,5,8,6,8,3,1,9,8,6,1,3,2,2,8,8,7,8,2,574
user_45970,8,5,7,4,2,5,3,2,1,3,4,5,3,2,1,5,7,7,6,8,7,2,4,4,3,575
user_58723,7,2,1,4,8,3,9,2,8,8,10,9,5,7,5,2,5,3,10,7,9,1,5,10,2,575
user_15443,5,2,4,8,9,7,4,9,3,10,9,2,2,10,4,10,4,10,10,4,10,1,7,10,4,575
user_59663,3,6,6,7,7,6,2,3,7,10,8,6,9,3,10,3,8,5,10,9,4,8,2,8,5,575
user_22698,1,6,8,2,7,8,1,3,2,10,6,7,7,8,8,8,4,6,9,6,10,4,2,4,3,575
user_83207,3,3,10,9,6,6,4,7,7,8,5,4,4,8,5,4,4,7,4,9,8,1,4,6,6,575
user_14666,3,7,5,5,9,1,1,6,9,4,2,2,2,4,7,1,8,1,9,10,8,9,9,7,10,575
user_75133,10,2,2,7,8,3,4,4,10,8,9,3,5,5,7,10,8,5,4,7,1,2,7,5,9,575
user_40101,4,4,5,8,7,2,6,4,7,4,2,9,6,6,3,5,7,9,10,7,6,3,3,5,7,576
user_22881,2,3,4,6,2,8,10,9,9,5,1,1,9,3,6,1,4,7,8,7,3,9,6,7,2,576
user_70800,4,6,4,8,8,10,7,1,10,9,9,4,7,9,8,4,10,10,7,3,1,9,6,9,1,577
user_95636,5,4,6,5,7,2,1,8,3,1,10,6,4,3,7,9,7,7,3,6,4,2,4,10,7,577
user_47165,9,6,10,3,9,2,5,8,1,2,1,1,2,6,5,2,5,7,5,1,5,2,8,7,4,577
user_61024,7,9,8,3,8,3,2,5,4,2,6,1,8,2,8,6,6,1,3,9,5,8,4,6,7,577
user_17233,9,5,3,9,2,8,1,9,10,8,10,6,1,5,10,5,1,8,2,3,9,9,8,6,7,578
user_79826,8,1,1,2,8,1,5,6,5,2,8,1,5,9,4,8,4,4,3,6,3,9,8,2,9,578
user_40694,9,1,3,10,9,7,9,9,6,9,6,3,5,9,9,8,4,2,9,7,9,7,4,7,7,579
user_75184,5,7,6,7,5,3,9,7,3,1,2,8,3,10,4,8,5,1,2,9,1,10,5,2,2,579
user_89655,8,5,2,10,8,1,7,4,9,8,10,2,2,1,5,2,2,7,9,4,8,6,5,3,1,579
user_20868,7,10,5,10,9,5,10,10,5,6,1,4,10,5,4,1,6,1,7,8,7,10,10,4,9,579
user_80906,8,1,9,8,10,5,10,7,3,6,3,7,5,6,9,2,7,7,8,8,10,3,8,7,5,579
user_42650,9,5,5,6,8,1,7,9,2,10,1,6,4,6,8,2,5,3,5,9,5,8,1,2,4,579
user_82427,2,10,4,1,2,3,10,5,4,5,7,10,10,2,9,10,7,9,9,8,9,4,8,9,7,579
user_82371,3,4,9,10,4,9,8,7,9,10,2,9,6,4,7,6,10,1,9,8,6,10,8,3,8,579
user_70301,7,2,3,4,5,4,6,3,9,8,7,3,8,3,9,6,6,8,7,9,10,3,3,5,7,580
user_36385,3,4,4,6,3,5,6,7,2,1,4,6,9,2,3,9,1,3,3,1,7,8,9,4,3,580
user_48551,4,4,6,9,3,3,7,5,3,9,2,5,7,8,3,6,5,3,1,9,6,9,5,6,2,580
user_50336,4,3,6,4,2,2,6,8,2,3,7,4,9,9,7,8,6,7,6,4,3,1,3,7,3,580
user_52387,5,3,7,4,6,3,5,8,9,4,10,1,8,1,5,6,4,9,6,4,3,10,6,3,7,580
user_87398,6,3,4,1,8,8,9,2,3,2,2,2,9,9,4,2,4,1,10,10,9,2,7,9,1,580
user_54749,10,6,3,6,3,8,2,10,7,5,5,1,6,4,9,9,3,7,9,5,6,5,6,5,9,580
user_13065,4,10,10,1,7,1,3,6,10,2,6,8,2,10,2,9,7,6,8,6,6,9,10,6,9,580
user_20953,1,7,9,10,4,5,3,8,2,10,9,4,10,4,2,9,7,4,6,3,3,1,10,8,7,581
user_32783,10,5,9,6,10,2,3,5,9,7,6,10,7,1,10,1,3,3,8,10,10,3,5,2,5,581
user_20259,5,1,3,1,8,2,3,10,8,9,1,10,2,10,6,7,4,5,4,9,10,10,9,9,4,581
user_67565,8,5,2,10,8,1,10,9,4,5,9,3,6,3,5,8,5,1,6,8,2,1,7,5,2,581
user_83220,7,10,8,2,4,9,4,5,9,1,8,7,6,3,1,10,5,7,6,6,7,6,3,2,7,582
user_41660,9,8,6,8,7,9,7,4,2,9,8,2,3,6,3,5,2,9,7,5,3,6,1,2,10,582
user_73730,7,8,4,9,6,3,2,2,5,7,8,3,9,5,8,8,10,8,9,1,8,4,4,10,2,583
user_58258,7,4,9,1,9,4,10,7,1,1,9,8,7,5,9,10,8,10,9,6,5,1,3,10,7,583
user_70045,6,9,7,2,6,2,3,3,4,6,6,6,2,10,8,1,2,2,8,10,1,9,2,9,2,583
user_46911,1,1,10,2,9,4,7,3,3,1,2,4,6,5,6,4,2,6,10,5,9,1,10,8,4,583
user_34229,10,10,6,3,8,8,5,3,2,8,8,9,3,7,4,10,7,4,5,10,1,10,4,3,7,584
user_20913,8,10,7,7,8,6,6,8,4,6,8,1,2,10,2,4,9,6,10,3,2,4,2,6,10,584
user_17699,10,2,4,6,7,8,8,7,2,9,10,1,3,4,9,4,9,3,7,4,7,8,4,3,6,585
user_39393,1,6,3,9,6,9,3,8,8,7,7,5,9,9,8,7,3,9,2,1,9,7,2,8,5,585
user_61906,2,1,9,8,1,8,3,3,7,8,8,10,10,7,7,1,10,3,10,3,8,6,9,8,7,585
user_10056,2,6,7,9,1,1,8,6,1,10,7,10,6,8,10,4,5,9,5,7,6,9,10,6,7,585
user_79558,5,1,3,3,9,4,6,1,7,2,3,7,7,3,4,7,6,2,1,1,1,6,7,3,9,586
user_67536,7,3,2,6,8,6,6,6,5,6,10,9,5,5,9,5,6,8,4,4,2,7,2,9,3,586
user_11923,10,7,10,6,2,1,4,5,7,3,5,1,8,7,10,3,9,4,1,6,10,8,1,3,1,586
user_52408,9,2,6,6,3,1,10,5,4,9,5,9,2,9,10,5,2,6,4,3,8,6,4,4,9,586
user_83758,2,2,4,2,2,8,6,4,2,8,10,8,3,4,5,10,6,10,6,5,1,6,8,4,4,586
user_72823,1,6,3,10,9,9,5,4,10,8,9,8,7,7,3,2,4,2,4,7,2,6,9,2,1,586
user_38917,10,2,7,1,3,8,10,7,3,10,2,1,8,5,3,4,10,3,5,1,9,1,1,10,2,586
user_85760,8,8,2,5,10,3,8,6,6,7,1,6,10,6,7,9,9,2,10,2,10,6,8,9,3,586
user_20696,7,7,9,4,9,10,3,10,6,4,2,6,5,1,10,10,7,7,10,6,7,6,7,1,2,587
user_45163,3,8,3,3,2,6,8,4,2,2,10,8,5,8,1,10,1,4,6,7,8,3,2,2,4,587
user_45161,4,4,8,6,10,4,3,3,8,5,10,9,4,9,7,1,8,1,10,2,7,6,8,8,9,587
user_61631,8,2,7,2,8,8,2,4,10,1,5,8,3,8,6,4,7,3,6,1,1,5,7,4,5,587
user_64045,10,7,2,7,10,4,1,9,8,7,8,2,9,2,8,10,7,6,5,2,3,8,10,5,5,588
user_21803,5,4,3,10,6,10,1,7,3,3,8,9,8,4,1,5,10,9,4,7,2,4,8,1,7,588
user_58325,9,9,9,3,7,4,4,5,4,3,1,8,9,1,5,3,5,4,8,1,8,9,1,10,4,588
user_72694,2,7,6,8,10,9,3,8,3,7,8,8,1,10,7,3,8,10,4,9,8,10,5,3,6,588
user_21298,6,2,3,1,2,8,7,9,3,2,2,7,4,9,3,9,5,9,10,3,2,1,3,3,8,589
user_19606,7,3,1,7,9,4,3,2,6,5,2,7,4,2,2,3,8,2,3,7,9,3,8,6,3,589
user_49384,2,2,9,3,6,1,2,8,4,9,8,6,8,3,7,3,10,6,6,8,5,5,8,2,5,590
user_80371,2,1,5,5,9,7,9,7,8,9,5,9,3,10,10,10,6,2,2,5,5,1,10,1,1,590
user_27779,2,2,7,5,6,10,10,2,5,9,3,8,2,7,3,3,5,4,4,7,2,10,8,3,6,590
user_35334,5,8,8,7,4,4,4,1,2,2,8,5,6,2,5,9,9,5,8,5,1,7,4,4,2,590
user_17449,6,1,2,4,3,4,4,7,10,10,8,10,5,9,10,4,6,6,3,1,5,1,10,6,5,591
user_50012,7,7,7,10,9,1,9,5,6,3,1,1,7,10,4,6,6,2,1,9,6,9,6,4,3,591
user_50310,10,3,9,2,4,2,7,9,3,3,6,8,2,8,6,4,5,6,1,5,5,6,6,1,4,592
user_56157,8,1,1,2,9,7,5,9,7,5,1,9,5,7,7,9,2,10,5,8,6,3,2,6,4,592
user_65871,8,10,2,5,9,7,8,4,5,2,4,10,6,5,5,2,2,7,9,10,4,2,8,8,1,592
user_51831,2,8,3,10,4,7,1,3,9,7,6,1,4,3,5,6,6,2,6,2,1,3,4,8,5,592
user_24192,3,2,10,7,9,7,2,7,2,6,10,2,2,7,6,6,6,9,7,10,4,2,1,1,2,592
user_62074,8,5,10,3,1,8,3,2,4,3,9,1,5,6,10,3,4,8,1,2,5,6,10,6,9,592
user_65555,2,10,3,6,4,8,6,8,7,10,9,4,9,9,1,3,6,9,7,10,1,3,3,8,1,592
user_36818,3,4,3,1,6,9,3,3,7,2,2,6,7,4,3,1,1,1,5,1,2,6,10,5,6,592
user_18671,8,2,2,2,4,8,6,2,2,8,9,2,6,7,8,3,5,3,5,6,1,8,9,6,7,593
user_31939,6,10,2,4,5,2,3,5,10,8,10,1,2,8,4,4,6,4,8,1,1,2,3,6,4,593
user_74101,2,9,3,1,10,1,2,1,3,1,6,10,7,8,6,3,2,10,6,1,8,4,1,7,7,594
user_96860,10,7,4,2,2,5,4,3,8,10,8,1,10,8,10,3,7,7,3,4,2,1,8,6,4,594
user_62443,9,9,8,6,10,3,9,6,2,3,9,9,1,6,2,8,7,8,8,4,7,6,6,6,5,595
user_60090,4,4,6,9,3,7,7,1,3,3,5,9,10,5,8,2,10,9,1,5,8,3,9,3,1,595
user_49481,7,1,10,5,4,10,4,6,6,3,6,5,7,9,10,6,9,6,1,6,8,8,10,9,4,595
user_39563,1,7,4,1,4,3,4,5,4,6,2,5,3,3,6,2,9,9,4,2,7,1,8,10,5,595
user_15960,9,9,3,4,4,1,8,5,1,1,1,9,3,8,6,5,3,5,8,10,4,4,10,8,2,596
user_61655,9,1,4,9,4,6,4,5,5,10,8,9,1,3,4,8,3,4,8,1,1,7,2,5,5,596
user_13579,4,10,10,2,1,1,2,7,2,7,10,1,10,6,4,1,9,6,3,2,4,7,5,5,6,596
user_20502,4,8,5,6,6,6,2,2,7,7,4,5,8,7,8,7,3,6,5,10,5,10,1,1,6,596
user_88796,6,6,7,4,10,10,7,6,6,10,6,4,3,5,1,8,2,2,5,2,4,4,10,9,9,597
user_30987,9,6,1,3,7,10,6,8,2,7,5,9,3,2,5,2,7,6,10,3,9,5,8,8,8,597
user_91872,1,3,9,10,10,1,3,6,8,10,4,6,8,3,8,3,7,4,10,5,8,3,5,10,2,597
user_58439,1,5,3,5,6,9,10,10,5,8,8,2,2,2,10,6,9,1,9,1,2,2,7,3,10,597
user_56652,7,7,10,3,3,10,5,2,8,8,5,9,3,9,2,6,4,2,3,5,6,10,1,6,7,598
user_56557,4,10,5,1,5,10,9,8,3,3,5,6,7,6,3,3,5,5,9,5,1,7,3,6,9,598
user_46186,9,9,2,4,10,1,5,7,10,4,4,2,5,6,4,1,9,4,6,9,7,6,10,9,1,599
user_94296,5,5,10,3,4,3,8,2,3,10,4,9,9,8,4,7,10,10,4,10,1,5,6,1,9,599
user_18875,7,10,7,9,6,7,8,8,10,2,10,4,10,8,8,3,7,8,7,1,5,7,7,7,6,600
user_56445,6,6,6,8,6,1,2,8,8,10,9,3,2,1,7,6,5,10,9,3,8,10,10,2,1,600
user_42503,2,10,4,7,5,10,6,3,2,7,5,4,8,4,4,3,3,8,9,2,4,10,2,6,4,600
user_38383,2,1,1,3,7,8,5,5,6,9,9,9,10,9,8,8,2,6,5,4,10,2,5,9,6,600
user_95247,5,2,4,5,7,3,5,5,10,6,6,2,5,8,5,4,6,2,8,10,6,8,4,2,5,600
user_16467,5,4,8,8,10,3,8,4,8,10,8,4,10,8,9,9,5,8,4,1,6,6,4,4,5,600
user_87145,4,3,2,8,7,6,5,3,8,4,4,7,8,7,2,8,3,5,1,10,6,4,1,1,4,600
user_30348,1,10,9,5,7,2,2,4,3,8,9,5,3,4,10,8,1,5,1,6,7,10,1,8,2,600
user_52948,7,4,5,4,9,7,3,6,2,7,1,1,8,5,1,9,3,3,10,10,10,6,8,8,8,601
user_78910,2,3,9,7,4,1,6,9,10,7,9,7,9,10,6,3,10,9,3,10,6,5,1,7,10,601
user_46368,2,7,10,4,8,7,4,4,10,8,5,5,6,3,7,9,8,4,7,1,1,3,6,3,9,601
user_32948,6,5,2,6,6,3,10,1,4,2,2,10,7,9,2,6,1,6,4,7,9,2,4,5,7,601
user_76153,4,6,4,8,2,4,1,3,7,9,8,4,10,7,7,3,6,6,2,4,5,2,6,3,7,601
user_62428,7,2,9,6,3,2,4,3,10,3,3,6,9,1,10,4,10,4,4,2,10,1,10,2,6,601
user_17630,5,1,9,8,2,4,2,3,2,7,8,9,8,2,9,7,2,5,10,6,3,4,5,10,6,601
user_96713,1,5,2,1,2,5,5,3,3,7,3,5,6,1,7,6,5,7,1,10,8,9,6,5,3,601
user_48681,2,5,5,10,3,10,6,2,6,7,9,9,2,9,6,1,3,2,1,3,9,1,2,9,9,602
user_41445,2,5,4,8,2,7,3,8,1,9,5,6,3,8,10,3,8,3,2,10,4,1,7,10,5,602
user_55201,2,5,7,7,9,1,9,4,5,6,9,1,1,8,10,1,10,1,5,5,4,7,8,10,5,602
user_36263,4,8,10,4,5,1,7,7,6,2,7,8,10,8,6,8,1,3,5,7,8,5,10,4,7,602
user_58064,2,4,9,2,3,8,1,10,8,3,4,6,3,2,4,8,4,10,2,6,7,2,3,1,3,602
user_39391,5,8,9,4,5,1,3,5,7,5,8,7,2,4,3,7,5,9,7,6,4,1,9,6,1,602
user_22817,1,7,1,8,7,8,4,4,1,8,3,9,4,1,2,6,2,7,7,1,8,4,10,8,5,602
user_24393,3,6,5,1,5,9,6,7,10,4,3,6,4,1,2,4,5,10,4,4,9,5,10,8,9,602
user_70283,5,3,2,6,5,5,10,2,4,5,1,1,7,8,8,6,7,3,7,1,6,3,2,1,6,603
user_34579,2,10,7,9,7,4,9,8,2,1,8,4,5,5,1,4,1,1,1,8,1,7,1,3,6,603
user_16974,6,3,9,7,5,10,7,5,9,4,1,3,4,7,4,10,6,2,9,2,7,6,7,9,5,604
user_18061,4,1,6,5,1,9,10,1,2,1,6,3,8,7,5,4,5,3,8,10,4,5,7,4,6,604
user_25732,6,6,5,10,1,7,9,4,2,7,2,8,5,6,7,10,1,5,8,5,2,5,4,10,6,605
user_39205,1,10,5,9,6,4,5,3,2,9,6,3,8,4,10,6,7,6,8,7,6,5,1,1,8,605
user_22571,6,3,4,8,7,7,9,10,3,3,8,9,8,5,7,5,1,9,4,9,3,10,5,5,6,605
user_69190,7,4,1,10,9,6,4,9,2,9,3,8,10,5,4,2,10,9,2,9,7,2,10,1,3,605
user_46864,6,4,4,3,5,10,2,10,4,7,10,1,6,4,4,3,8,10,5,6,9,3,3,1,7,605
user_48668,4,4,2,5,3,8,10,6,1,8,7,3,2,8,8,4,2,1,10,7,3,8,5,10,6,605
user_61870,1,1,1,6,2,9,9,4,7,8,2,5,8,5,5,10,8,5,4,7,6,10,9,8,8,605
user_95263,1,2,8,2,7,10,7,8,5,8,1,7,3,9,6,3,10,4,4,2,5,7,10,2,5,605
user_29840,8,10,2,9,7,5,8,9,5,9,8,3,2,6,7,2,7,9,1,5,2,6,8,9,10,606
user_33438,2,3,6,10,10,3,5,4,4,1,10,3,6,2,4,7,8,1,9,2,3,6,6,2,2,606
user_52546,8,4,4,8,4,6,4,2,2,1,3,10,8,4,3,7,10,9,1,6,2,9,7,7,6,607
user_71321,7,6,3,4,5,8,4,6,6,10,3,3,1,2,2,1,6,4,6,8,10,10,5,8,7,607
user_75554,5,10,8,1,9,7,5,3,6,9,4,6,8,4,6,8,3,4,3,9,9,7,9,6,10,608
user_23623,2,2,9,6,3,8,4,3,4,2,10,3,1,9,5,1,7,5,7,2,1,7,9,8,10,608
user_93501,3,5,1,7,4,3,2,9,8,1,6,9,2,7,8,8,2,5,7,1,9,6,3,10,4,608
user_90586,8,10,4,10,5,7,2,6,5,1,9,1,4,8,7,3,7,6,2,2,10,1,3,6,7,608
user_51760,3,7,1,9,5,2,2,6,9,3,4,5,7,10,4,4,7,6,6,3,2,7,10,1,5,608
user_85036,8,8,7,9,10,5,2,6,9,5,7,6,7,1,6,1,9,7,9,6,7,5,4,7,5,608
user_54524,3,1,2,2,2,10,8,8,4,6,8,7,5,3,10,8,8,9,7,7,4,5,6,4,3,608
user_49121,3,9,4,2,8,1,1,4,8,6,7,5,1,6,7,9,9,5,9,7,7,10,2,3,2,608
user_68406,7,6,8,7,5,6,9,10,3,4,1,10,7,9,7,1,8,4,1,4,10,1,8,9,8,609
user_99567,2,8,5,9,5,2,6,1,2,5,5,7,6,1,7,3,10,9,4,4,2,8,5,2,1,609
user_55150,4,2,9,3,4,4,4,6,5,10,1,10,6,5,10,3,9,3,4,6,8,3,3,9,8,610
user_99254,1,5,8,10,9,8,10,2,7,5,8,5,7,9,4,10,8,10,3,10,6,8,10,2,1,610
user_30618,9,8,10,3,2,3,9,1,6,10,6,2,6,2,8,6,6,9,8,2,5,1,7,6,3,610
user_33887,2,10,8,6,5,4,4,7,2,3,9,2,10,10,6,1,4,10,8,6,3,1,9,9,6,610
user_77286,4,6,3,5,4,8,8,9,5,2,7,8,7,9,4,5,5,6,2,2,7,4,9,7,10,611
user_71698,2,8,8,8,10,6,4,10,1,9,1,7,7,6,4,8,9,7,10,5,1,10,7,4,9,611
user_13387,6,5,3,3,4,6,6,4,5,1,2,6,3,9,2,3,1,1,1,1,4,10,3,4,6,611
user_77911,1,7,1,5,4,4,1,10,6,4,10,4,8,5,2,4,6,10,2,2,10,9,6,2,5,611
user_42535,6,10,4,9,6,7,4,7,10,2,2,8,5,4,2,9,7,8,10,4,8,6,3,6,9,612
user_60452,3,7,10,5,6,10,6,4,6,8,1,1,4,10,4,2,9,6,1,6,10,6,3,1,2,612
user_32380,8,10,4,5,4,7,1,7,3,1,4,6,4,6,9,8,1,10,2,4,6,7,10,9,3,613
user_54947,9,5,5,9,2,9,9,1,8,1,10,6,3,10,1,3,1,2,5,10,10,8,8,6,2,613
user_31624,9,9,2,7,8,8,7,5,4,2,6,10,8,3,6,5,8,8,8,6,3,1,1,10,9,613
user_48965,5,3,6,4,1,3,4,8,7,4,6,10,2,3,1,4,7,4,2,10,1,5,5,5,1,613
user_45661,5,2,1,1,6,7,7,8,6,9,7,9,5,6,3,7,6,6,6,1,5,9,3,2,7,614
user_76505,5,9,6,7,1,6,4,4,1,7,7,4,4,2,9,9,7,1,3,10,5,10,5,8,10,614
user_93168,1,8,8,3,1,1,3,6,2,6,3,8,10,2,3,6,10,9,3,3,8,10,5,1,5,614
user_44477,10,8,2,6,6,7,6,4,9,6,4,8,5,2,8,9,3,6,1,5,4,1,9,10,4,614
user_84969,8,3,9,9,7,9,9,1,1,3,3,8,3,8,1,9,3,7,3,7,10,3,7,5,4,615
user_85732,8,1,6,3,7,2,6,5,7,8,3,6,6,1,6,2,9,7,5,10,6,8,2,7,9,615
user_84934,7,10,9,5,7,2,9,1,6,9,7,8,1,4,10,7,7,1,9,6,6,3,5,6,1,616
user_81016,7,6,6,9,10,7,7,4,6,6,5,9,4,10,4,5,4,7,2,5,3,2,6,5,6,616
user_92470,3,3,3,5,6,9,5,5,10,1,10,1,5,2,7,4,5,7,6,10,7,6,1,1,4,617
user_10980,3,9,7,7,9,8,6,9,5,8,7,10,8,5,5,10,1,9,1,5,10,8,6,6,7,617
user_39830,8,5,1,8,7,4,6,5,7,2,2,3,9,2,3,6,10,4,1,9,10,8,10,3,7,617
user_76930,4,6,2,5,7,5,10,6,1,1,4,10,10,5,9,3,6,10,1,9,7,8,2,8,2,617
user_36464,1,2,5,10,4,10,7,3,1,4,2,5,6,1,6,10,7,3,2,10,7,10,10,9,3,617
user_30932,1,2,6,2,3,2,10,6,8,8,3,9,3,10,9,5,8,3,5,3,9,9,1,5,8,617
user_37288,3,6,10,4,8,3,2,1,8,5,6,1,10,7,1,5,5,5,6,10,5,7,6,9,7,617
user_87809,9,6,7,8,10,10,4,10,3,6,2,6,9,1,7,3,3,5,1,8,6,7,7,4,9,617
user_28130,2,1,10,10,1,2,9,3,6,2,7,4,7,7,7,6,4,8,8,7,4,3,4,6,8,618
user_40121,6,8,10,1,3,4,9,10,8,8,5,6,9,1,1,5,1,3,1,3,1,6,10,9,1,618
user_24460,1,9,6,3,8,3,8,4,5,4,2,8,5,6,5,6,6,10,4,5,4,8,5,3,7,619
user_26544,5,10,5,9,10,3,10,9,1,6,6,1,10,10,5,2,5,1,9,8,7,10,8,4,5,619
user_19803,2,4,8,5,5,3,9,7,6,5,5,3,7,2,2,6,3,4,4,6,7,9,9,3,3,619
user_81059,5,8,10,6,8,1,7,8,6,7,3,5,8,7,7,4,8,5,10,10,7,8,2,8,4,619
user_45135,9,10,7,9,4,9,3,10,9,10,5,3,5,7,2,9,10,1,6,3,5,6,4,3,6,620
user_65420,8,4,5,8,9,6,2,9,3,9,1,4,5,9,2,4,8,3,5,10,9,6,2,10,9,620
user_92115,4,4,9,3,1,9,1,9,5,3,10,1,1,1,3,10,3,2,4,10,10,6,10,8,6,621
user_60873,9,6,5,4,10,6,10,8,7,1,6,2,10,9,9,8,9,7,2,8,6,1,5,10,6,621
user_49668,1,5,2,4,6,10,10,3,3,7,1,10,2,10,6,10,10,1,5,7,9,10,6,5,1,621
user_41263,8,5,7,1,9,7,7,7,2,7,3,4,1,3,1,8,6,10,2,4,3,4,9,10,1,621
user_36152,10,4,9,6,2,6,3,6,5,3,8,5,2,10,5,5,1,3,7,1,6,8,7,1,3,621
user_14491,2,10,1,6,3,7,10,7,1,5,3,9,3,2,1,10,7,2,10,5,8,5,4,6,1,621
user_69395,8,1,8,3,6,5,4,3,8,7,10,9,6,6,10,2,9,6,6,6,8,10,7,8,7,621
user_84220,1,3,5,6,5,8,8,8,3,7,3,5,3,6,6,8,1,5,3,10,4,8,7,1,8,621
user_11443,5,5,2,3,9,2,5,8,1,2,3,2,2,8,1,7,5,5,8,6,6,2,10,9,7,622
user_40254,6,9,2,7,2,6,5,2,2,7,9,5,7,4,8,1,2,2,8,8,2,3,1,3,7,622
user_83551,6,3,9,5,9,10,8,4,9,1,2,3,3,7,5,6,4,9,1,4,9,9,3,6,8,623
user_74753,2,2,1,10,4,3,8,7,5,7,10,5,10,7,5,7,10,3,3,2,2,3,2,6,7,623
user_34045,10,1,8,1,2,5,5,1,7,4,9,2,1,5,3,10,7,6,7,8,1,10,8,2,9,623
user_62672,9,9,3,7,9,8,9,9,3,2,9,3,5,5,8,8,8,8,3,5,2,1,9,2,6,623
user_68917,7,3,1,1,10,9,3,7,7,2,5,4,3,2,10,6,10,5,9,7,10,8,4,9,2,623
user_84046,10,4,6,8,8,8,9,8,2,4,7,5,8,1,2,6,5,10,6,9,7,3,1,7,9,623
user_28899,9,4,1,9,1,4,6,7,10,6,5,2,9,4,4,9,2,6,7,3,7,4,10,5,8,623
user_52719,7,7,6,5,7,4,1,10,4,4,10,2,6,10,5,8,1,9,4,8,9,7,6,3,10,623
user_76172,10,4,7,8,2,8,3,2,4,4,5,1,6,5,3,8,7,9,3,5,6,5,9,5,6,624
user_10626,6,2,1,10,1,6,5,3,9,1,4,4,5,7,6,4,3,6,2,10,4,2,10,6,1,624
user_43142,4,7,7,4,3,8,7,8,3,5,5,2,1,2,6,10,2,8,9,1,3,2,1,6,6,624
user_90409,2,1,7,8,3,7,4,1,7,2,8,9,7,5,4,6,10,6,2,3,1,6,6,4,6,624
user_17591,5,2,10,6,10,4,4,7,6,6,8,4,7,7,7,5,4,1,4,7,3,8,5,8,7,624
user_72463,10,9,5,1,8,4,3,5,10,5,2,5,3,10,2,10,9,9,2,10,1,6,9,6,4,624
user_84968,8,1,9,7,6,2,1,2,2,10,3,7,1,6,7,2,4,2,9,9,2,5,4,6,2,624
user_15042,4,4,5,1,3,4,3,6,2,6,3,8,4,1,10,9,1,10,2,4,5,2,6,3,6,624
user_67487,6,4,8,8,3,6,9,4,6,5,1,1,3,5,6,6,4,4,7,10,7,1,7,6,8,625
user_90886,2,9,7,3,3,3,8,1,9,4,6,2,4,8,2,1,3,7,10,8,1,8,6,10,1,625
user_68780,3,4,4,1,6,7,3,10,10,3,9,7,3,4,8,6,5,6,2,9,10,3,9,8,9,625
user_86060,2,9,8,1,6,4,4,10,6,1,4,9,1,6,3,1,10,6,9,10,8,9,6,5,3,625
user_87910,7,3,2,8,3,9,2,2,9,10,2,6,8,10,2,4,10,7,5,7,1,8,3,7,10,626
user_68289,2,10,3,8,6,8,5,8,3,10,8,4,1,10,8,5,3,3,5,1,2,8,9,10,10,626
user_28304,8,7,7,5,2,3,5,9,4,7,4,7,1,1,10,8,7,5,7,2,8,4,5,4,10,626
user_66224,7,8,5,5,2,10,5,9,10,1,6,6,2,4,7,4,10,1,10,2,6,1,8,3,4,626
user_32371,3,6,4,2,2,6,1,8,2,5,4,5,8,5,8,9,6,3,5,8,10,10,9,1,3,626
user_24785,8,8,3,2,9,10,6,10,3,4,8,10,4,6,3,6,3,8,2,9,8,8,4,1,4,626
user_60631,9,5,10,3,3,9,3,6,3,5,4,9,9,3,4,5,9,10,2,9,5,3,4,7,3,626
user_52844,6,3,7,1,5,4,6,6,6,1,5,10,7,5,7,1,6,9,1,4,6,3,1,6,4,626
user_38544,4,7,8,3,3,4,10,6,2,8,8,9,5,10,9,5,8,4,8,10,8,4,2,4,3,627
user_37378,3,2,10,4,4,7,1,7,7,4,8,3,1,5,6,3,8,10,8,7,5,3,2,4,9,627
user_29192,6,9,2,6,2,8,7,3,9,7,5,2,8,2,6,8,10,9,8,8,10,6,4,2,4,627
user_26733,9,10,9,1,9,2,6,4,7,8,6,9,4,3,5,5,4,10,1,6,1,2,4,6,1,627
user_80717,3,5,4,2,2,7,8,1,4,4,10,1,4,1,2,6,6,7,4,5,3,4,8,10,6,627
user_81267,2,6,1,6,7,10,2,2,10,1,10,10,2,7,1,10,1,6,3,8,8,8,5,2,4,627
user_33397,8,2,9,5,4,4,2,6,5,2,8,2,5,1,3,2,8,6,7,3,3,10,9,1,5,627
user_32678,1,8,5,1,8,8,6,8,7,10,2,2,2,6,8,8,4,1,1,10,5,2,7,2,7,627
user_28533,9,7,1,7,1,3,2,5,4,10,10,2,10,2,9,4,7,3,4,8,8,10,2,2,5,628
user_23615,9,8,10,10,7,4,4,5,2,7,1,4,4,2,9,5,9,10,3,3,7,2,7,3,7,628
user_96916,5,1,7,2,3,2,7,1,1,1,5,3,5,6,6,1,10,4,1,10,9,4,2,10,9,628
user_77333,5,4,10,4,5,9,9,6,4,7,8,10,5,2,3,2,10,8,9,5,2,10,3,3,5,628
user_95480,6,10,8,3,10,3,4,5,7,5,10,5,9,4,9,9,6,5,7,5,2,9,2,3,9,628
user_72560,5,6,10,6,1,1,3,6,7,4,9,8,1,4,1,6,4,8,3,1,9,4,3,6,8,628
user_39529,5,2,4,10,4,10,7,9,9,1,10,2,8,4,4,7,6,3,3,2,7,10,9,10,8,628
user_65508,6,6,10,9,4,6,7,9,10,3,5,8,8,8,6,6,8,9,10,1,1,2,8,2,2,628
user_43523,2,9,4,6,7,9,9,7,8,9,2,7,7,7,4,3,4,2,2,3,6,10,7,3,5,629
user_48919,3,10,6,9,5,1,4,1,10,3,8,10,9,10,2,5,8,1,1,6,5,6,8,7,6,629
user_84626,8,1,6,6,3,5,3,1,7,1,8,1,3,6,10,1,8,6,3,7,5,9,5,7,1,629
user_21128,10,6,1,5,9,3,6,5,5,8,2,9,6,6,7,9,7,8,5,8,5,1,5,3,7,629
user_74785,1,1,7,10,1,5,4,3,9,2,10,7,1,4,1,6,10,5,1,3,4,3,8,9,1,629
user_21006,7,6,6,2,3,8,9,9,4,7,8,10,1,9,5,3,9,9,4,1,9,3,3,5,6,629
user_41949,10,7,9,2,1,1,2,4,6,7,5,4,5,3,1,7,2,2,6,2,3,5,10,7,3,629
user_83241,3,10,6,4,3,5,2,10,4,6,9,9,4,5,8,8,1,3,2,3,9,8,6,1,3,629
user_49848,2,3,10,5,3,1,2,2,7,1,9,9,4,10,3,9,1,2,6,6,7,3,1,5,1,630
user_69710,9,8,10,1,7,9,5,10,2,2,8,9,6,10,7,4,4,9,7,3,4,9,6,3,1,630
user_65954,5,10,6,5,1,10,7,6,3,9,9,9,3,4,2,10,5,8,10,8,3,4,2,5,4,630
user_13138,7,5,7,3,9,9,4,9,4,9,6,5,2,2,4,8,3,3,4,8,1,2,7,4,10,630
user_88899,6,4,7,4,6,9,10,2,3,4,4,10,10,1,7,9,8,9,7,4,2,8,2,6,1,631
user_49984,4,7,4,9,6,8,5,10,5,6,7,8,9,2,3,1,4,3,7,1,6,3,2,4,4,631
user_93996,2,1,4,3,10,8,9,5,6,4,5,5,10,2,10,5,3,4,5,5,2,5,4,4,10,631
user_69979,4,5,3,7,4,1,8,1,7,10,6,1,9,1,7,1,1,3,8,8,1,4,10,4,2,631
user_17038,1,5,9,4,10,5,6,2,7,3,6,4,7,1,4,4,10,6,7,9,2,6,9,9,1,631
user_81936,8,2,8,4,10,5,3,4,9,2,3,7,2,7,8,6,4,5,9,1,8,6,7,5,10,631
user_36486,3,5,3,9,4,9,1,8,5,5,1,8,7,10,4,6,10,3,4,8,9,9,10,6,8,631
user_98761,4,5,6,1,1,1,10,3,9,6,7,1,3,2,7,2,3,10,4,5,10,2,9,8,8,631
user_73087,8,4,3,3,1,1,6,8,4,9,1,3,5,8,7,2,1,3,2,5,3,7,10,2,5,632
user_70914,9,4,1,9,4,6,3,7,3,9,7,8,7,9,3,5,10,6,7,5,2,6,2,2,3,632
user_84757,1,7,10,8,6,6,7,5,1,10,5,7,1,1,3,6,1,5,2,2,8,6,1,5,10,632
user_23703,6,3,2,10,4,8,7,3,7,10,10,5,9,4,6,2,8,7,1,10,1,5,7,8,9,632
user_78514,4,6,8,6,5,8,8,7,1,6,1,4,6,9,4,10,3,6,9,9,2,4,5,5,2,632
user_57928,4,3,4,10,7,6,7,9,8,7,7,2,9,5,3,2,6,5,10,3,9,5,6,10,2,632
user_23146,9,4,8,10,1,9,8,4,2,2,6,1,3,6,1,10,8,5,3,10,10,1,2,8,2,632
user_96732,10,5,10,1,8,9,6,9,8,2,7,6,7,6,8,2,10,10,6,6,7,8,2,8,7,632
user_82957,9,5,5,8,8,7,1,1,7,9,3,5,4,3,3,8,7,8,1,1,9,6,8,4,2,633
user_38956,2,8,5,6,5,7,7,10,9,3,6,6,3,7,4,4,2,8,1,2,2,1,8,1,10,633
user_67594,5,5,9,3,7,7,5,6,7,10,4,9,5,7,4,9,9,2,1,6,6,6,2,1,1,633
user_53677,2,2,9,7,4,10,8,10,1,8,6,2,2,5,2,9,1,1,3,10,2,5,1,3,3,633
user_55356,6,6,5,3,1,1,9,10,6,6,7,2,4,2,3,1,3,3,1,10,1,7,10,3,7,634
user_27496,9,2,7,9,8,2,6,10,10,7,1,2,9,4,10,10,9,7,10,5,10,8,7,7,2,634
user_47062,8,5,10,1,7,5,3,7,8,9,6,6,3,2,5,4,4,4,9,8,10,10,3,9,1,634
user_64565,3,3,2,2,4,5,10,1,4,1,9,4,5,9,6,3,9,6,6,3,6,8,6,1,8,634
user_45470,8,9,3,8,7,6,4,3,4,6,10,6,5,4,1,9,10,1,5,9,8,10,6,1,9,635
user_44581,8,4,3,5,10,2,9,9,9,5,7,5,10,3,7,2,7,7,4,7,3,3,10,3,9,635
user_99455,10,5,6,5,2,9,8,10,7,7,4,8,6,3,2,4,5,1,7,10,10,8,5,3,3,636
user_37875,10,1,7,8,10,3,1,10,3,6,1,7,5,4,2,1,5,1,10,9,2,10,1,6,1,636
user_84314,7,7,10,9,3,3,10,9,5,2,8,7,7,3,2,10,3,8,4,4,5,6,4,9,6,637
user_67631,8,2,1,8,5,6,5,1,5,6,1,5,4,1,5,7,9,3,3,3,1,2,3,4,2,637
user_42431,4,5,1,1,5,9,1,1,7,1,7,6,1,2,1,3,8,8,1,10,3,1,3,2,1,638
user_11851,7,7,7,4,9,2,3,5,2,8,3,10,5,9,1,10,10,6,7,8,2,6,5,7,7,638
user_95398,4,6,10,1,5,8,6,8,9,6,1,8,10,5,4,9,2,10,1,6,3,1,4,6,10,638
user_15807,10,2,5,7,7,9,3,3,5,4,3,1,10,3,6,9,5,3,1,5,7,9,3,6,2,638
user_82502,7,5,1,3,10,8,7,10,6,5,10,10,6,4,2,7,10,6,5,4,3,2,3,5,4,638
user_18098,9,10,7,10,1,8,2,6,4,6,9,8,9,3,6,7,3,3,2,9,8,3,5,8,3,638
user_36333,10,6,5,1,4,4,1,2,7,4,3,3,6,9,7,5,2,5,3,3,4,5,1,3,7,638
user_17119,6,5,7,7,1,10,10,7,7,7,10,6,7,6,4,5,4,10,10,3,10,10,9,7,10,638
user_46450,5,3,8,7,1,5,6,8,5,4,4,4,2,5,9,6,4,6,2,8,9,5,6,3,9,639
user_59625,8,7,7,7,5,9,6,1,7,10,2,8,7,8,9,2,10,2,1,9,5,2,10,7,2,639
user_88724,4,2,2,6,8,8,2,6,6,8,1,9,1,7,10,8,6,2,9,6,1,8,4,9,1,640
user_24151,8,1,10,7,3,1,5,9,8,8,5,7,8,8,3,1,8,10,1,1,7,1,9,5,8,640
user_86237,9,5,8,9,7,2,3,6,7,3,2,6,2,7,6,2,1,7,5,4,8,6,9,6,9,640
user_55033,6,4,8,2,5,9,8,1,7,5,8,7,1,6,8,5,10,6,9,10,10,3,1,8,1,640
user_40507,9,1,1,7,1,10,7,2,4,6,1,4,3,5,10,5,5,9,9,3,5,2,8,10,9,640
user_82452,10,10,1,3,10,3,10,1,8,7,10,10,9,3,6,6,2,3,4,3,3,4,9,7,4,640
user_87874,6,10,5,9,4,2,1,1,8,7,4,9,1,7,5,6,4,6,9,6,2,6,7,8,7,640
user_91342,7,3,1,5,3,5,3,1,3,3,6,5,3,5,4,4,10,2,1,6,2,4,6,9,10,640
user_82894,7,6,6,8,5,4,1,9,8,6,2,4,6,7,7,4,8,7,5,2,9,10,9,9,9,641
user_58215,10,2,10,1,5,8,1,7,8,2,9,8,5,10,2,10,6,6,2,7,7,3,8,9,2,641
user_98490,2,7,7,2,10,9,7,5,7,9,5,10,7,9,10,2,8,7,1,7,4,8,3,3,7,642
user_10596,3,1,3,3,1,1,4,5,9,2,5,9,7,3,7,3,3,6,10,9,2,8,7,4,9,642
user_88581,5,2,6,3,3,6,6,3,6,2,3,8,4,2,4,6,1,4,9,6,4,7,5,8,4,642
user_97455,9,10,3,10,8,1,6,2,6,10,8,9,2,2,7,4,10,2,1,9,1,8,2,1,10,642
user_31631,3,7,9,4,8,8,7,5,7,7,3,9,3,5,7,10,8,6,7,3,9,5,3,8,1,642
user_42750,5,4,3,9,5,2,4,4,9,10,1,7,10,3,8,7,2,3,5,9,7,5,1,7,5,642
user_39233,4,9,9,2,10,6,4,1,2,5,10,9,2,8,6,1,2,9,6,1,2,1,8,7,3,642
user_66963,5,10,4,6,1,3,3,2,10,9,5,2,7,4,9,5,3,4,10,8,6,5,4,10,4,642
user_77849,5,4,2,9,8,5,7,2,6,2,3,7,3,9,6,8,2,9,5,9,3,6,9,1,2,643
user_61689,5,9,7,9,1,7,4,7,10,5,10,1,1,3,3,1,5,8,5,6,4,1,8,4,5,643
user_25405,2,4,6,8,6,10,7,10,5,9,9,9,2,5,5,8,7,10,1,8,4,1,1,8,5,643
user_83930,2,6,5,5,7,8,9,7,5,5,9,7,6,6,6,9,6,8,3,6,3,9,4,5,8,643
user_39657,3,9,10,4,2,6,10,7,10,8,2,1,4,5,3,7,4,1,6,7,8,3,5,2,10,643
user_97826,3,6,7,10,3,8,4,2,6,2,5,7,9,9,3,2,10,7,4,7,10,5,8,6,7,643
user_87287,8,9,4,9,2,5,4,3,2,7,1,2,2,10,1,10,10,7,5,10,7,4,5,3,7,643
user_30102,8,9,6,5,9,3,8,5,5,3,9,8,10,6,7,4,6,10,1,3,5,1,6,10,5,643
user_28881,8,8,10,8,7,5,8,2,4,3,7,5,7,5,6,9,1,10,9,9,8,3,10,4,3,644
user_92758,7,1,1,4,9,10,4,10,4,1,5,8,1,3,4,7,1,1,4,3,10,2,4,2,3,644
user_22308,1,5,1,5,1,1,10,1,2,5,2,8,7,5,8,8,6,3,3,3,1,9,2,3,1,644
user_63117,3,10,5,10,6,9,9,2,3,7,6,5,9,9,5,1,4,4,2,5,1,1,10,8,8,644
user_75479,6,5,2,6,8,4,2,8,1,6,8,1,2,4,7,2,9,10,7,3,7,1,6,6,2,644
user_84399,9,2,2,1,2,2,10,10,7,6,9,8,8,3,5,7,8,7,8,9,8,10,7,3,2,644
user_91027,9,9,1,7,8,8,8,7,10,5,2,7,8,4,7,7,9,2,7,10,4,5,2,6,6,644
user_99395,9,3,8,7,3,2,8,8,1,7,10,3,5,4,8,6,9,5,2,10,10,6,8,7,10,644
user_47745,6,6,7,3,2,10,3,7,3,2,3,7,3,8,2,6,1,5,5,2,4,9,2,9,9,645
user_22258,6,6,7,4,2,5,3,6,1,6,5,5,5,3,3,6,9,1,9,3,9,1,2,8,3,645
user_69417,8,3,6,5,5,6,9,8,5,10,7,1,1,7,9,7,8,4,9,3,8,2,1,4,5,646
user_69344,10,5,7,3,9,3,3,7,9,7,4,8,1,8,6,5,7,7,9,3,4,10,3,4,1,646
user_85756,3,8,8,8,2,10,4,2,2,10,9,9,9,5,1,4,6,7,10,3,5,7,10,4,5,646
user_21338,2,4,6,10,10,8,4,7,3,1,2,10,1,10,4,8,10,10,5,1,9,9,6,4,7,646
user_45373,1,1,1,5,1,6,5,6,1,8,9,5,6,5,10,10,10,1,5,6,3,4,8,6,9,647
user_43138,8,8,3,10,10,3,6,5,1,2,3,3,2,7,1,7,10,10,5,4,4,9,10,6,9,647
user_80741,4,4,8,5,8,6,4,6,1,1,10,8,10,2,5,3,3,9,3,9,3,1,1,4,10,647
user_87421,4,9,1,10,10,8,4,6,9,5,4,3,6,3,5,3,3,9,8,7,9,3,2,10,10,647
user_99144,4,9,10,4,8,8,1,9,10,4,8,5,4,2,9,4,7,2,3,3,6,10,6,6,3,647
user_20220,9,5,2,4,3,7,5,1,8,5,9,6,7,9,8,4,3,7,5,3,10,5,10,3,2,647
user_62757,10,6,6,9,6,4,5,6,1,1,2,8,10,3,1,10,1,7,1,5,2,5,10,2,7,647
user_34892,9,10,5,5,5,6,3,4,5,8,1,8,6,10,3,2,6,9,3,10,6,2,4,3,4,647
user_34014,2,4,5,6,9,7,9,7,5,5,4,9,7,2,10,2,3,4,1,1,10,7,3,6,7,648
user_84803,5,2,2,10,5,7,5,3,9,2,9,8,10,6,8,5,9,9,4,7,8,1,3,7,3,648
user_61165,9,2,8,10,6,3,4,5,3,7,2,8,1,9,5,4,10,8,9,1,2,7,3,3,7,648
user_49413,1,4,7,10,3,9,8,2,5,3,9,10,2,8,1,7,1,9,5,8,10,6,6,6,5,648
user_41490,6,5,8,8,2,1,4,9,3,4,5,2,8,6,5,10,9,3,3,10,2,10,1,1,2,648
user_48656,9,8,5,8,7,4,1,4,8,3,10,9,4,2,5,3,7,7,1,10,3,2,3,6,2,648
user_44056,9,6,8,10,6,1,8,2,1,2,10,5,2,7,4,3,1,9,10,1,8,5,3,7,4,648
user_42707,5,7,7,10,6,8,10,7,6,5,3,8,4,6,4,8,1,10,10,3,2,10,4,3,7,648
user_36484,3,10,5,8,9,3,8,2,9,1,3,2,5,2,9,10,10,10,8,9,8,6,3,5,6,649
user_66670,10,1,7,5,2,5,10,7,5,8,1,4,7,2,10,10,3,5,8,9,2,10,3,10,10,649
user_85247,5,2,5,3,8,10,9,9,10,2,1,6,7,2,1,1,7,6,2,7,2,9,4,3,6,649
user_50341,10,4,4,5,4,7,3,5,3,7,4,10,9,3,3,6,6,6,3,3,1,5,3,7,9,649
user_75945,1,6,7,3,10,8,3,2,5,7,4,8,3,6,7,10,4,8,3,4,2,4,9,5,4,649
user_23887,1,8,2,1,7,9,10,6,1,10,8,9,5,9,2,5,2,10,3,4,4,2,10,9,9,649
user_25460,9,9,9,7,10,9,3,2,5,10,10,8,6,6,10,4,4,7,8,3,10,10,2,5,5,649
user_18130,8,5,9,4,5,9,1,1,6,9,10,1,8,7,9,6,10,2,9,7,1,8,2,1,1,649
user_95303,2,10,5,9,8,6,8,1,10,1,3,7,5,9,10,4,5,4,1,7,4,10,3,8,7,650
user_95927,1,8,7,8,3,6,1,3,2,10,10,7,6,4,3,1,4,1,8,6,9,8,3,9,6,650
user_47599,2,8,2,6,3,10,2,4,4,3,9,10,5,1,9,5,7,7,6,6,1,2,7,5,7,650
user_80524,4,4,2,8,7,3,10,7,2,2,5,10,8,6,3,10,3,2,9,4,8,10,3,7,4,650
user_76572,5,2,1,8,9,9,9,6,7,8,1,6,6,3,3,10,7,9,1,10,7,8,4,2,8,651
user_25217,3,5,5,1,3,8,1,4,3,5,9,9,9,3,6,2,9,9,7,4,3,5,8,2,2,651
user_16389,6,2,10,6,4,5,1,4,3,5,10,2,5,6,3,10,3,3,9,10,5,9,10,8,1,651
user_54154,5,1,2,1,2,10,7,9,3,10,7,5,5,3,9,10,3,8,1,3,6,1,3,7,5,651
user_98076,5,2,10,9,9,2,4,6,5,3,9,8,8,1,10,3,8,9,1,7,5,3,3,6,10,652
user_99448,7,5,7,3,4,10,8,10,9,1,1,2,9,3,4,8,10,2,6,5,8,4,5,7,6,652
user_94025,10,2,9,8,1,4,7,10,9,1,10,1,2,1,3,6,4,4,3,7,5,3,1,1,8,653
user_81972,9,9,2,1,1,4,8,8,5,7,7,10,5,7,10,6,9,4,2,9,8,4,7,4,10,653
user_77118,6,9,5,9,7,10,4,4,2,2,2,4,7,6,3,9,5,10,5,10,6,8,2,1,3,654
user_87138,6,1,5,2,6,2,5,3,2,4,5,7,10,4,7,3,8,5,3,1,6,2,2,3,2,654
user_63149,6,1,8,4,7,5,8,2,4,3,2,3,8,7,5,3,5,1,4,6,9,4,8,7,5,655
user_85395,8,9,3,2,4,2,5,1,2,6,6,3,6,5,5,5,3,1,3,4,3,1,1,9,7,655
user_48457,3,10,2,1,8,5,7,8,7,4,10,2,4,9,4,6,3,1,2,3,10,3,1,9,8,655
user_44905,9,8,6,6,4,10,4,8,8,3,9,6,4,3,1,1,6,1,9,4,10,5,8,5,6,655
user_20115,5,8,5,9,2,1,2,2,2,2,9,7,10,4,8,7,5,3,2,1,7,6,10,7,5,656
user_90780,6,7,7,4,10,2,7,6,8,9,9,1,5,7,4,6,4,1,3,3,7,8,5,5,7,656
user_76511,6,2,5,2,2,8,8,8,3,6,4,8,9,8,7,8,6,10,10,10,4,5,8,7,1,656
user_83305,7,10,3,10,5,7,8,6,5,5,10,5,4,10,3,1,3,1,7,8,7,10,2,7,10,656
user_81188,1,9,3,1,2,6,7,5,1,4,10,10,1,10,10,2,6,7,4,4,8,5,8,5,2,657
user_71166,1,3,10,8,4,4,2,6,4,7,1,10,8,4,6,6,4,3,7,10,1,8,5,7,1,657
user_50320,10,4,4,8,9,6,2,6,10,8,3,3,3,6,9,4,4,9,8,9,2,9,9,4,3,657
user_62527,10,9,2,2,6,10,8,7,6,3,9,7,1,7,1,5,1,4,4,1,5,2,1,5,8,657
user_75598,10,1,2,7,6,3,7,7,7,3,1,3,2,8,7,2,9,6,6,8,4,4,3,5,9,657
user_58687,1,1,4,10,7,1,2,9,7,2,10,5,3,10,8,1,7,1,1,1,8,3,3,2,8,657
user_98234,9,4,2,10,5,4,4,5,2,7,10,5,5,7,2,2,1,6,10,4,8,10,10,6,1,657
user_31875,9,7,4,10,10,4,9,2,6,3,6,10,5,7,1,6,1,9,10,6,3,10,9,8,8,657
user_88711,10,5,1,2,3,1,7,3,7,1,9,5,2,7,6,6,6,7,1,5,1,1,4,10,8,658
user_97903,6,7,9,9,8,3,9,8,4,2,8,7,3,4,6,10,8,3,1,9,5,2,5,5,4,658
user_56829,2,3,1,9,4,10,5,2,5,9,6,8,3,7,8,9,6,4,3,7,3,9,1,4,7,659
user_51623,8,5,2,2,5,8,3,6,5,6,7,1,3,2,2,9,8,2,10,1,3,9,3,1,6,659
user_37859,1,4,1,5,9,4,6,1,10,10,5,7,9,1,6,4,6,1,10,4,7,8,7,5,1,659
user_55266,8,4,6,7,1,5,1,4,8,9,10,5,3,5,8,2,5,8,5,5,5,1,1,1,4,659
user_35337,1,8,5,5,2,4,8,9,10,4,3,3,7,3,8,3,9,10,5,3,10,5,5,3,10,660
user_15931,5,7,8,3,9,1,9,8,7,7,5,3,9,3,1,10,5,8,5,6,10,3,10,1,8,660
user_87535,6,5,1,3,10,1,1,10,9,8,4,5,3,3,9,5,2,8,1,7,8,1,2,3,4,661
user_68019,10,5,2,1,1,5,7,9,5,3,8,5,3,6,8,4,2,2,1,10,5,9,6,3,8,661
user_79305,3,7,9,2,8,10,7,8,1,10,8,10,4,2,10,4,2,7,9,1,6,10,7,5,10,662
user_69894,6,8,1,9,9,1,8,2,4,8,2,7,9,5,2,4,3,6,7,7,5,5,3,3,5,662
user_99988,2,5,6,10,2,9,10,8,9,8,5,10,1,7,9,3,6,5,8,3,7,1,1,10,8,663
user_74128,1,2,9,8,7,5,6,3,8,3,8,9,9,9,8,5,4,4,7,5,6,5,4,10,6,663
user_10851,9,8,5,6,4,3,3,6,10,10,1,6,8,5,8,8,3,9,10,2,5,9,7,3,7,664
user_87094,3,9,5,6,7,4,10,6,6,2,9,5,5,5,9,9,8,2,4,1,7,7,3,3,5,664
user_44134,1,3,1,10,10,9,10,7,7,6,6,6,4,2,7,3,6,4,6,7,4,10,7,3,2,665
user_86625,9,3,3,6,4,7,6,6,2,8,5,1,9,8,1,8,7,6,10,10,7,1,2,7,3,665
user_54593,3,2,2,1,3,9,3,2,8,5,9,4,3,8,6,1,4,8,7,4,5,4,10,3,6,665
user_45729,10,10,7,2,8,1,6,10,8,2,1,5,6,3,8,3,5,4,4,3,2,10,7,9,7,665
user_59753,5,10,4,4,1,1,7,4,2,3,9,1,2,9,4,7,6,6,9,9,10,10,3,3,1,665
user_84272,1,7,6,3,4,8,6,8,1,9,8,1,7,8,2,3,5,1,2,5,10,9,10,6,8,665
user_98675,10,8,7,5,9,1,1,7,8,5,1,7,10,1,6,6,9,1,9,3,8,2,9,5,4,665
user_24649,1,3,8,7,1,8,5,4,8,6,10,1,2,7,7,5,8,7,2,10,2,3,7,8,7,665
user_47150,5,2,10,1,1,3,2,1,8,10,7,8,4,10,6,7,4,10,8,5,7,3,7,1,7,666
user_93190,3,8,2,4,4,1,10,1,9,4,4,7,7,3,6,3,4,4,8,1,10,10,10,3,7,666
user_95880,4,6,9,8,6,8,1,4,8,4,1,2,2,7,7,10,7,4,2,6,6,4,8,8,4,666
user_92879,4,1,9,8,4,8,8,10,4,7,4,2,3,10,8,4,6,9,2,2,8,10,3,4,5,666
user_89934,8,9,6,8,8,4,4,9,7,10,4,7,4,1,5,6,1,8,2,3,9,4,6,6,3,667
user_74964,5,9,2,10,7,1,1,2,6,4,4,7,2,10,3,7,10,7,10,8,10,6,9,1,9,667
user_15357,6,4,7,6,2,3,10,3,5,6,4,7,6,3,5,5,1,1,7,1,2,8,4,5,8,668
user_94298,3,7,7,3,5,5,10,6,3,2,3,1,3,1,9,8,1,6,2,9,9,9,7,10,8,668
user_20801,1,9,6,10,4,5,7,10,1,8,1,4,9,4,1,5,4,8,1,7,1,7,5,5,4,668
user_41745,3,1,2,4,3,10,3,5,6,7,5,4,10,10,1,6,3,2,5,9,5,9,3,8,10,668
user_63874,6,6,9,4,10,4,7,3,6,4,10,6,6,5,3,4,9,1,8,7,8,7,6,10,9,668
user_98886,8,4,7,8,8,2,10,9,2,10,1,3,2,2,6,4,8,2,4,9,9,7,1,6,9,668
user_34041,1,9,4,10,5,3,5,1,9,5,5,4,3,2,10,10,2,3,4,3,7,3,4,8,2,668
user_19433,5,10,7,6,10,2,4,4,7,1,2,7,3,1,2,4,6,4,1,4,4,7,4,6,1,668
user_70947,6,6,4,8,4,8,5,6,10,5,6,10,3,6,9,4,5,4,5,4,2,8,8,2,7,669
user_11538,4,3,9,6,5,6,3,6,1,3,7,6,10,7,4,3,6,7,9,5,2,3,6,10,1,669
user_59992,8,3,4,8,9,3,3,6,8,4,6,3,10,10,10,9,10,2,5,1,2,2,10,7,5,669
user_61270,2,3,5,4,2,1,4,1,4,4,4,1,1,9,10,2,6,3,5,10,2,9,7,2,8,669
user_44694,7,10,5,2,6,4,9,4,1,10,3,9,7,7,7,8,6,2,4,4,7,8,3,2,8,669
user_52953,10,2,8,2,3,6,8,4,5,10,9,1,6,5,3,3,9,1,10,8,2,3,9,10,3,669
user_45699,3,4,10,10,9,9,3,2,2,2,2,2,1,8,3,5,6,9,7,7,6,9,3,1,1,669
user_26807,8,5,5,1,7,8,3,8,5,5,7,5,9,5,4,10,6,5,7,8,7,10,7,10,4,669
user_94830,6,5,9,8,6,9,1,4,4,7,5,2,7,3,9,8,4,5,5,7,9,8,7,8,2,670
user_49437,4,4,3,2,1,1,9,10,6,1,5,7,9,9,1,10,1,7,5,9,9,6,1,6,5,670
user_58930,1,2,6,7,9,1,6,2,4,5,8,7,5,9,10,10,9,3,3,2,7,6,8,10,1,670
user_35115,6,3,2,2,6,4,8,5,2,10,2,2,8,5,6,6,5,6,8,6,6,6,2,1,3,670
user_43057,7,6,1,7,7,3,9,8,8,7,6,8,7,9,3,1,10,6,1,9,4,1,7,4,8,670
user_48823,2,4,3,8,5,4,2,1,1,3,1,8,3,3,1,8,2,6,2,6,8,3,2,2,4,670
user_42607,2,7,1,1,1,2,2,6,4,9,3,9,4,8,9,10,3,2,2,1,5,8,3,8,10,670
user_98431,10,1,10,8,5,4,2,5,2,2,2,5,4,9,1,4,10,8,3,6,5,7,10,2,10,670
user_98917,5,5,7,7,2,8,7,2,4,6,8,5,4,3,5,8,1,3,8,10,9,1,4,4,2,671
user_73871,7,7,6,3,9,2,10,3,2,10,3,4,10,10,7,5,1,7,1,3,7,8,5,3,9,671
user_85106,2,2,3,5,3,3,5,3,9,1,7,3,4,1,8,8,4,7,4,3,1,7,6,2,10,671
user_61486,6,1,10,7,8,7,4,1,6,7,4,7,5,10,7,2,7,6,4,10,9,2,9,2,2,671
user_22847,9,6,3,2,6,8,4,7,8,2,9,4,8,8,10,9,1,10,5,5,5,8,8,2,3,672
user_87745,1,9,9,4,1,10,1,3,8,10,1,6,7,4,10,8,8,5,5,5,5,8,5,2,1,672
user_46107,10,6,4,6,9,4,5,2,1,7,7,3,8,3,8,3,5,9,4,9,4,5,1,5,8,672
user_39032,8,3,1,4,6,3,3,2,5,10,4,10,7,8,1,8,9,5,1,5,10,7,8,8,9,672
user_86299,8,7,1,4,7,4,4,1,6,1,4,3,4,6,6,4,10,2,10,8,10,3,3,10,6,672
user_30619,6,4,4,7,10,7,1,3,4,2,10,9,1,6,5,1,5,9,6,7,10,5,3,9,4,672
user_59305,4,2,8,3,6,9,7,9,1,3,8,7,7,1,3,9,7,6,1,5,9,2,1,4,3,672
user_28650,1,3,8,1,10,4,10,9,3,5,5,2,2,1,1,1,8,5,1,5,4,10,1,6,9,672
user_21236,6,8,6,5,3,8,1,4,9,2,10,4,6,9,10,7,2,2,1,1,2,5,2,3,10,673
user_77709,6,7,9,6,1,9,6,7,10,9,3,2,10,9,8,2,9,2,1,5,2,1,8,5,3,673
user_16216,5,1,9,10,8,7,1,7,1,4,3,6,6,1,4,4,6,5,7,10,7,8,10,9,5,673
user_96175,4,10,4,8,4,8,10,2,10,6,9,6,9,3,7,10,1,8,8,3,4,4,8,1,2,673
user_91243,9,10,9,2,9,7,3,4,8,3,10,9,7,4,3,5,2,2,3,8,1,5,4,5,3,674
user_27956,2,2,7,3,5,3,10,6,7,9,6,2,9,2,4,4,1,3,5,5,5,5,1,7,7,674
user_98359,1,9,2,7,2,6,7,10,5,8,6,6,8,4,9,3,3,10,7,6,1,10,1,7,6,674
user_39653,7,3,9,2,7,1,4,4,8,7,6,1,3,9,2,9,7,2,8,8,7,10,10,7,4,674
user_63652,9,4,6,6,10,2,3,7,5,3,5,10,10,5,8,5,10,6,3,9,4,9,10,8,5,674
user_14564,5,8,2,2,6,1,6,6,9,3,5,8,3,5,3,9,10,5,3,3,10,7,9,4,3,674
user_39638,2,2,8,1,1,6,10,9,2,8,1,2,10,1,5,2,5,8,3,3,9,9,1,9,2,674
user_50393,3,4,7,9,5,8,5,6,2,1,6,2,2,8,1,8,10,7,1,7,8,5,5,10,7,674
user_40637,10,4,5,3,9,10,7,6,1,3,4,5,2,9,6,5,4,3,2,7,4,3,8,6,6,675
user_23160,8,3,4,9,4,1,10,2,4,10,4,3,2,5,9,3,1,4,9,2,9,3,4,6,10,675
user_75370,9,7,10,10,6,3,9,8,9,5,7,7,5,3,8,5,7,3,2,1,9,5,10,4,9,675
user_99354,4,9,4,8,2,4,7,5,10,6,2,10,6,6,6,8,2,5,4,6,7,1,1,3,4,675
user_63250,4,9,2,2,1,2,7,10,4,1,7,5,1,7,6,10,3,3,2,8,8,5,2,10,10,676
user_66037,8,3,3,7,8,5,3,1,10,2,3,2,8,8,9,1,6,8,8,4,9,7,10,3,10,676
user_29810,8,7,3,3,6,6,6,9,9,9,4,4,2,6,9,5,8,10,10,8,7,4,1,3,7,676
user_88204,7,6,2,3,5,9,8,10,2,3,7,2,4,8,1,2,5,9,8,1,6,6,4,2,7,676
user_78817,2,6,7,3,10,10,6,4,9,5,4,10,5,7,3,3,9,4,4,2,2,9,8,2,7,677
user_27111,10,6,4,1,7,1,4,5,2,4,6,7,3,7,1,9,7,4,4,1,1,3,6,9,1,677
user_78407,4,8,2,6,3,3,10,5,4,1,4,1,5,6,4,1,4,7,8,3,3,7,6,9,4,677
user_80085,6,5,9,2,10,7,7,4,7,4,4,8,3,9,5,10,7,2,5,8,4,10,9,1,4,677
user_18956,3,6,4,9,7,4,8,5,3,2,2,4,1,7,6,5,8,8,3,2,10,2,6,3,6,677
user_85974,1,1,9,4,10,5,7,3,4,8,5,3,4,7,10,9,8,1,6,7,10,7,10,7,1,677
user_34732,5,9,7,10,9,8,7,2,3,1,2,2,6,7,8,3,1,7,6,6,5,10,10,10,7,677
user_22899,5,5,9,10,6,9,9,7,8,6,7,3,10,5,10,5,1,9,7,1,2,4,4,8,10,677
user_44111,10,10,2,5,9,7,4,2,3,2,7,8,4,8,4,4,1,1,5,9,6,4,6,8,10,678
user_88428,3,6,2,9,1,7,10,8,7,7,7,8,5,3,5,4,4,8,4,10,10,9,6,2,1,678
user_61625,2,9,1,3,8,1,5,8,8,10,7,9,10,8,9,8,1,9,9,2,1,1,10,3,4,678
user_69790,4,9,4,10,6,5,3,8,1,5,6,5,10,8,3,9,6,8,4,4,8,6,4,6,10,678
user_49020,4,8,6,6,10,7,3,5,7,5,1,6,3,2,7,1,5,5,10,7,5,4,6,5,8,679
user_16584,1,10,3,8,2,9,7,2,8,3,3,6,4,8,9,8,3,9,9,2,9,9,4,2,3,679
user_83603,10,1,10,10,5,9,2,5,1,5,4,10,9,1,7,10,3,3,6,4,4,8,3,3,8,679
user_68816,8,5,10,3,9,10,1,2,5,8,4,8,8,6,9,8,6,4,7,2,3,2,10,7,1,679
user_17367,7,3,3,7,4,2,5,2,3,8,8,5,6,4,7,1,1,4,8,2,3,1,2,8,10,679
user_57400,7,2,5,9,8,6,10,1,6,9,10,4,6,10,7,10,10,7,8,6,1,10,5,8,1,679
user_32195,3,6,8,8,1,5,5,3,4,5,5,5,6,6,9,4,7,5,9,5,4,6,1,2,10,679
user_36914,6,5,10,4,3,7,6,7,10,5,4,3,8,5,3,8,8,2,3,4,6,5,5,8,6,679
user_77791,5,1,5,6,1,7,1,4,1,8,10,9,3,4,8,6,9,5,9,6,1,7,5,1,6,680
user_13610,9,10,9,9,8,4,5,1,7,4,6,8,10,3,5,10,3,10,6,7,8,1,2,7,4,680
user_97072,3,2,4,5,9,7,10,10,1,1,7,7,8,1,7,5,7,6,5,2,10,1,3,8,3,680
user_51108,4,5,2,6,9,6,3,1,1,6,7,5,2,10,1,3,1,5,10,5,5,5,9,9,8,680
user_79640,4,1,10,3,9,8,3,4,5,1,8,9,9,4,2,2,7,9,5,8,8,9,5,6,4,681
user_63909,3,8,7,7,2,2,7,9,6,9,9,6,4,9,2,7,4,5,3,10,9,4,7,7,5,681
user_21999,6,6,8,9,6,9,8,7,5,3,5,8,2,7,1,7,1,3,4,5,5,1,10,5,10,682
user_94570,8,3,10,3,7,1,7,3,4,9,5,6,5,2,2,10,2,5,3,6,4,8,6,2,3,682
user_93278,9,5,9,7,4,3,2,1,8,4,9,8,6,2,10,6,3,4,1,8,5,5,1,5,10,682
user_59527,1,10,9,2,5,7,6,7,10,10,10,6,10,5,7,9,10,6,10,3,5,3,4,10,8,682
user_80896,3,3,7,4,3,10,5,5,8,8,4,4,3,9,10,3,8,7,7,7,9,5,10,5,3,683
user_38722,7,9,3,2,9,9,1,3,2,10,7,5,1,4,3,4,5,10,8,8,1,10,4,3,9,683
user_18862,9,7,3,4,3,6,6,5,1,4,5,5,7,10,8,4,6,2,5,9,8,6,5,2,2,683
user_64073,2,3,2,4,3,2,9,4,1,5,5,8,9,2,4,10,2,7,8,7,6,4,7,4,9,683
user_58142,1,3,3,7,10,9,4,1,4,5,9,10,7,8,1,6,9,4,1,3,7,3,6,6,8,684
user_30743,7,9,5,7,1,10,5,7,7,7,4,7,1,9,1,3,6,9,3,10,6,5,8,5,8,684
user_55487,5,5,6,7,2,7,10,4,7,6,9,10,1,2,1,10,5,6,9,1,6,7,3,2,10,684
user_11260,10,8,10,1,1,3,5,10,2,7,10,2,7,2,4,9,10,8,1,8,1,5,1,9,5,684
user_34422,9,8,3,4,1,7,4,7,5,9,8,4,7,10,10,10,1,8,8,5,5,8,4,9,3,685
user_29525,3,7,2,3,1,3,6,8,9,5,8,7,6,3,6,8,1,1,10,5,7,10,4,9,5,685
user_25494,10,5,2,8,10,2,10,3,4,4,9,9,1,6,2,4,10,10,1,2,1,2,6,7,1,685
user_17216,2,10,3,6,10,7,5,1,7,4,4,9,8,10,1,6,4,8,8,9,3,3,2,10,10,685
user_23582,7,1,4,8,4,2,8,9,8,4,7,6,3,2,9,4,6,5,1,7,7,10,9,8,3,685
user_39317,5,9,1,7,6,1,9,9,4,1,1,1,6,8,3,7,4,4,1,7,3,5,2,2,7,685
user_23772,6,3,2,9,4,4,7,3,9,9,8,6,2,2,9,1,8,1,4,2,1,5,5,10,2,685
user_15970,9,3,1,10,7,3,7,9,4,7,2,8,10,3,4,3,8,9,2,5,8,7,4,6,6,685
user_79885,3,3,7,4,5,6,6,6,6,6,1,7,4,4,9,8,9,2,7,7,1,1,5,5,2,686
user_24312,3,9,5,7,8,5,10,6,8,2,7,8,9,8,9,6,5,7,4,10,9,8,3,7,1,686
user_54982,1,3,4,6,1,3,2,2,2,9,1,2,2,1,6,5,5,2,4,8,3,4,1,1,3,687
user_95982,8,2,2,9,3,5,10,8,1,3,3,9,7,9,4,2,5,3,3,4,3,7,1,5,8,687
user_66298,3,3,2,6,9,8,4,3,7,5,3,3,4,6,8,4,6,8,10,9,10,2,9,9,8,688
user_22073,2,2,6,1,8,10,5,1,4,5,2,6,7,3,9,6,2,9,2,5,7,4,3,7,4,688
user_43444,4,9,5,5,9,2,10,3,3,10,2,10,6,9,9,4,9,1,2,9,2,10,5,8,8,689
user_90056,7,7,2,3,1,5,3,2,3,4,4,1,1,7,9,6,9,1,1,5,9,6,10,8,7,689
user_19805,2,8,2,8,5,3,4,1,10,2,5,9,9,9,4,3,9,7,9,4,4,2,9,3,8,689
user_37257,4,6,4,3,1,10,3,6,6,4,1,8,9,10,10,7,10,3,7,5,6,6,7,5,10,689
user_62424,6,4,5,2,7,2,6,9,10,3,9,2,4,10,4,3,2,3,4,1,10,5,10,1,2,690
user_55221,2,4,5,9,7,10,1,7,9,6,5,8,8,3,9,2,4,9,8,10,1,3,1,4,5,690
user_49671,5,9,4,3,7,1,3,2,2,2,7,10,9,3,7,7,9,8,4,3,7,6,10,10,6,691
user_45320,10,3,3,1,2,2,3,9,2,2,5,6,1,7,2,6,10,1,3,8,7,2,2,8,8,691
user_19588,1,3,9,4,8,10,9,8,4,4,4,5,3,1,1,3,10,5,3,3,6,10,4,9,2,691
user_11485,4,3,1,4,1,4,10,2,6,10,5,3,10,3,1,3,3,9,6,1,2,6,8,1,6,691
user_43065,7,2,9,9,3,6,9,9,2,6,2,6,2,6,3,9,4,8,4,7,5,9,8,8,9,691
user_32043,10,5,4,10,2,8,10,5,5,1,10,1,6,3,1,6,10,2,2,10,10,6,5,10,1,691
user_87781,5,10,4,4,10,5,10,8,10,7,10,6,2,1,6,3,8,6,3,7,3,4,1,1,4,691
user_42039,10,8,6,10,9,4,2,4,5,3,8,8,9,5,3,3,8,9,6,8,7,2,8,1,1,691
user_36806,4,3,1,8,6,4,4,8,2,1,6,2,7,3,2,7,8,4,10,1,5,9,1,6,5,692
user_15977,2,9,2,5,4,3,7,2,3,7,3,1,7,6,1,2,9,10,8,8,5,8,1,7,3,692
user_29764,8,5,3,10,6,6,10,8,8,7,2,9,4,7,9,9,4,9,4,2,2,10,9,6,2,692
user_48208,5,4,8,9,7,1,1,5,10,4,9,4,4,5,3,6,4,9,2,5,1,9,1,8,2,692
user_52802,5,1,8,2,3,6,8,1,3,4,2,9,8,7,5,6,4,8,7,3,6,7,3,2,7,693
user_15593,8,7,1,1,5,8,10,3,10,4,7,5,3,6,3,4,1,8,7,9,8,9,1,7,10,693
user_25028,8,4,4,1,8,9,1,7,6,2,7,8,4,8,4,3,8,1,7,2,6,10,4,10,6,693
user_17747,7,8,5,10,6,4,9,9,3,7,6,7,4,8,9,10,6,9,6,1,3,3,9,5,8,693
user_18723,9,5,4,8,3,5,3,8,1,8,2,9,7,4,5,2,10,8,9,3,4,3,9,4,4,694
user_48358,3,8,1,8,6,6,4,5,9,4,4,6,7,3,7,1,10,3,3,7,4,5,2,9,5,694
user_44363,10,2,7,5,9,4,1,4,2,4,3,2,9,2,8,8,7,5,6,2,6,9,7,3,2,694
user_45153,2,9,8,3,2,10,4,8,4,5,3,7,9,6,6,5,9,6,1,6,1,10,4,10,4,694
user_89391,10,4,2,7,5,7,8,2,2,8,1,2,7,1,9,8,4,5,6,8,7,4,5,10,1,694
user_63647,4,2,9,7,7,8,8,9,8,1,10,3,5,2,9,8,7,6,3,6,5,4,8,3,8,694
user_50264,2,3,6,4,9,7,6,5,10,1,1,10,2,7,1,7,7,10,5,10,10,2,6,9,4,694
user_59577,7,2,2,7,10,5,1,7,4,3,4,2,9,7,8,7,4,8,4,1,7,5,1,7,3,694
user_24589,8,8,8,5,7,9,1,9,9,1,1,10,7,4,1,9,2,9,7,7,10,8,1,2,3,695
user_23271,10,3,8,5,4,9,10,2,1,9,7,5,6,4,6,7,10,8,2,1,10,9,3,8,1,695
user_54474,6,4,1,9,3,2,2,10,10,10,9,2,4,2,3,2,5,4,2,6,2,9,5,10,7,696
user_43090,5,8,6,6,5,2,7,3,5,3,1,1,2,6,1,1,6,6,1,7,2,8,9,6,5,696
user_15299,6,2,1,1,3,1,9,10,7,4,4,8,6,3,8,8,4,7,6,1,2,8,6,10,7,696
user_84168,2,1,6,8,9,5,2,6,3,7,10,6,4,3,4,4,9,5,9,5,3,5,9,2,4,696
user_70455,1,6,10,2,5,4,1,2,5,7,7,7,7,5,1,1,8,3,7,6,2,2,8,7,2,697
user_42160,5,1,4,4,8,4,8,4,8,5,9,9,3,8,10,4,8,9,1,3,10,7,7,2,2,697
user_62301,1,2,2,10,7,3,1,8,10,9,1,2,10,4,7,2,9,6,8,2,4,10,2,6,8,698
user_76778,8,6,6,10,8,3,5,9,4,4,7,2,7,5,8,3,1,2,5,8,4,6,7,10,4,698
user_95743,3,8,10,5,10,2,7,8,1,2,4,9,9,7,8,2,1,9,6,2,3,9,5,2,4,699
user_14261,10,2,3,3,8,7,4,9,5,10,8,2,4,9,8,10,6,3,8,10,9,2,6,8,1,699
user_69432,2,5,1,1,4,3,4,3,5,5,2,3,6,6,6,7,1,9,1,8,3,9,3,3,8,699
user_76574,1,1,1,5,2,4,4,5,1,3,8,2,9,10,5,5,4,9,9,10,5,8,1,3,6,699
user_21199,7,9,3,7,10,2,5,2,9,3,7,2,3,5,1,8,10,1,5,6,2,8,7,5,4,700
user_13901,5,7,4,6,2,2,8,1,10,1,2,7,10,4,2,7,10,5,5,2,3,9,2,7,9,700
user_42978,6,7,9,1,8,3,6,8,5,7,10,9,7,1,1,1,7,3,9,6,8,5,8,1,5,700
user_16497,8,7,2,9,9,4,2,5,5,4,3,5,1,3,9,1,1,5,10,4,1,9,5,1,7,700
user_49371,1,7,3,10,2,2,8,3,4,7,2,8,1,5,5,9,9,7,4,6,1,6,2,10,6,700
user_74108,6,6,4,1,6,1,1,9,5,2,2,8,9,3,7,6,6,9,6,9,9,1,8,9,6,700
user_96019,9,8,8,6,7,4,1,8,3,7,5,2,7,9,1,1,9,9,4,8,9,9,1,7,3,700
user_72264,8,4,3,6,4,5,3,6,6,4,2,5,8,2,9,4,9,3,1,4,5,2,9,8,2,700
user_77789,9,2,3,1,1,8,8,3,10,10,6,2,7,3,7,10,9,7,9,3,8,8,10,5,4,701
user_90173,4,2,5,9,5,3,2,10,9,10,1,9,1,6,3,6,10,7,8,8,8,4,9,8,9,701
user_55560,8,4,2,6,1,5,8,9,2,3,4,7,3,7,3,1,7,7,6,9,5,5,7,4,2,701
user_41229,2,9,1,8,3,4,8,5,5,5,2,6,2,8,5,9,9,4,7,9,6,5,10,10,8,701
user_65017,2,7,7,7,6,5,7,2,10,6,8,8,4,6,5,5,6,5,3,6,8,2,1,8,10,701
user_33668,1,3,4,7,3,4,2,6,3,9,6,4,5,1,2,4,3,2,8,10,2,5,5,10,9,701
user_52007,8,5,4,10,3,1,1,4,8,10,7,10,6,5,4,4,4,6,9,8,10,7,2,2,7,701
user_26047,9,9,1,3,5,8,4,3,1,5,4,10,1,1,3,1,4,5,7,7,4,4,9,8,8,701
user_61052,6,7,6,2,9,4,2,9,3,9,2,8,9,10,6,3,10,2,7,7,2,8,9,1,8,702
user_98888,8,10,9,2,5,2,10,4,10,7,8,8,9,4,10,9,10,4,3,9,10,2,1,3,4,702
user_21765,1,7,5,8,5,6,10,3,5,2,6,10,7,9,9,8,4,9,4,8,10,3,8,9,2,702
user_36766,10,9,1,3,8,5,5,3,2,1,2,1,3,2,8,6,6,3,1,8,6,2,7,10,10,702
user_40782,5,3,8,10,6,5,3,5,4,9,6,4,4,8,8,3,8,7,10,7,2,1,4,7,2,703
user_82613,9,1,2,8,7,2,9,4,7,8,10,6,10,3,3,1,3,10,4,4,2,5,4,9,9,703
user_15040,6,3,4,1,6,1,4,5,4,10,1,3,2,2,4,2,5,6,6,1,4,7,3,3,10,703
user_65736,8,5,9,8,10,8,2,1,4,10,9,5,1,3,7,6,5,8,1,10,9,2,10,10,5,703
user_62337,3,3,7,8,6,3,5,3,2,2,8,10,10,10,9,9,9,10,9,1,5,5,7,2,6,703
user_61311,5,3,6,10,4,7,4,6,7,10,10,7,5,1,2,2,6,2,4,9,5,9,10,3,1,703
user_39590,9,2,9,4,9,1,6,3,3,8,3,1,6,2,8,1,5,8,4,7,3,1,9,6,9,703
user_48182,2,4,7,8,5,6,5,9,7,3,9,4,7,3,9,1,6,8,7,8,4,3,2,3,2,703
user_37229,8,7,10,1,6,7,8,2,9,10,10,7,8,3,4,6,4,5,4,4,3,9,10,1,8,704
user_90363,4,6,1,4,4,1,2,7,1,3,6,1,6,7,2,8,10,5,10,10,6,8,9,9,9,704
user_94404,6,7,7,5,3,6,10,5,6,6,4,5,7,7,3,8,6,4,4,2,6,6,2,3,6,705
user_29873,4,1,1,5,3,6,1,9,9,8,10,9,9,5,1,3,5,3,2,2,8,9,6,1,5,705
user_34168,9,8,7,7,6,5,4,1,8,7,5,3,1,8,6,5,7,9,5,8,7,1,8,3,9,706
user_68918,4,9,7,8,5,8,5,5,4,2,1,6,8,5,1,10,6,3,8,6,1,1,9,2,9,706
user_82884,8,3,4,3,4,7,5,4,4,3,3,4,8,8,7,10,4,8,6,9,8,8,9,8,1,706
user_22882,7,7,9,9,4,3,5,4,1,10,3,5,10,10,2,4,5,5,8,5,10,10,2,8,4,706
user_34181,4,4,3,1,9,1,8,1,1,9,2,10,7,8,3,1,2,2,9,8,7,2,9,4,1,706
user_22397,2,8,2,5,8,10,5,9,4,10,1,4,9,6,2,6,4,6,10,7,6,3,9,10,2,706
user_27944,2,2,1,10,9,10,2,10,3,7,1,8,5,10,7,2,6,6,10,5,6,2,3,8,1,706
user_87828,8,5,2,9,10,5,6,2,7,1,3,1,6,6,8,1,1,2,4,10,4,9,7,2,4,706
user_39412,3,6,10,1,1,9,9,9,4,10,3,8,8,2,10,2,10,4,4,3,1,1,8,6,2,707
user_48333,2,10,6,1,1,9,1,1,6,5,9,4,1,10,9,2,3,7,2,10,9,3,9,7,8,707
user_23492,5,8,3,6,7,7,9,9,5,7,8,7,2,10,3,4,2,7,6,4,4,1,2,9,1,707
user_39942,10,9,6,8,3,4,7,1,5,3,4,7,1,8,6,2,8,4,10,6,10,5,4,6,3,707
user_20895,2,9,2,2,3,3,1,7,5,8,8,7,10,8,3,4,7,3,5,10,3,1,10,1,5,708
user_93485,10,5,8,3,3,3,4,10,4,8,10,3,2,3,1,1,3,4,8,4,1,6,5,7,8,708
user_11084,10,3,10,5,9,8,10,9,7,1,10,6,6,7,1,10,9,3,3,6,2,4,8,8,10,708
user_78204,9,10,10,6,1,8,9,5,8,4,3,7,5,6,7,10,1,2,7,5,10,10,6,5,6,708
user_29782,8,8,6,4,4,3,10,7,9,2,5,7,7,9,8,6,2,8,10,9,9,10,8,5,9,709
user_28708,4,1,5,4,8,2,9,2,6,7,10,6,3,3,10,7,1,6,3,10,2,2,6,9,4,709
user_99317,6,7,5,10,10,10,9,9,2,8,3,9,6,6,2,8,2,8,9,1,10,9,4,8,1,710
user_94355,8,3,6,7,10,9,2,8,7,5,10,3,8,2,4,8,2,4,1,6,3,4,10,10,1,710
user_14448,3,8,9,8,9,7,5,7,9,5,7,9,2,8,3,2,7,6,1,7,7,1,9,6,1,710
user_41184,7,1,3,2,7,2,1,9,4,2,8,3,6,2,4,2,6,3,3,4,6,7,9,8,7,710
user_14561,1,9,3,8,7,7,4,2,7,1,5,1,6,6,10,5,10,4,6,6,8,9,4,3,7,711
user_13147,4,2,10,9,7,9,5,4,3,3,2,7,4,5,1,7,10,3,9,1,9,7,5,6,10,711
user_14364,6,4,5,5,8,9,2,10,1,1,3,2,1,5,8,4,4,3,4,5,5,3,1,5,10,712
user_42999,6,10,4,9,5,2,5,2,2,3,9,5,6,1,7,1,8,4,9,2,10,5,5,5,10,712
user_92738,7,4,6,8,3,7,7,9,1,7,10,1,3,7,10,5,1,5,5,6,5,6,5,2,6,712
user_80633,3,5,1,4,9,8,6,6,4,4,2,7,10,3,8,8,3,9,6,1,3,2,7,2,8,712
user_22290,8,4,5,10,7,7,7,2,3,10,4,5,10,1,4,4,3,5,2,10,6,10,8,2,5,713
user_26874,10,10,10,10,6,5,9,5,4,10,6,5,6,7,2,4,3,1,7,5,8,7,1,8,6,713
user_55426,9,7,6,8,2,8,2,10,10,2,5,9,7,7,1,5,6,10,10,5,7,1,9,10,1,713
user_28514,9,2,10,7,1,8,7,10,5,8,5,6,1,10,5,4,2,6,4,9,4,1,8,2,4,713
user_48090,7,10,1,10,2,2,4,1,9,2,1,7,1,7,3,4,1,10,7,1,4,9,3,1,6,714
user_64374,9,2,9,4,10,5,9,10,5,9,2,7,1,4,7,2,10,3,7,4,7,6,5,7,4,714
user_84952,4,2,10,8,10,10,1,5,7,10,4,7,2,10,4,9,4,7,6,2,10,8,10,1,3,714
user_27582,2,4,1,3,5,9,10,3,5,5,7,1,1,9,10,3,2,6,7,3,3,6,1,9,8,714
user_17848,2,4,8,10,7,9,8,9,1,10,4,1,1,6,9,8,4,6,3,3,2,6,10,6,2,714
user_47675,8,6,7,1,1,4,5,10,1,4,1,10,10,3,8,6,7,4,3,8,10,3,5,10,9,714
user_88963,9,8,2,1,1,1,2,10,5,3,7,9,3,1,4,3,9,10,7,4,1,3,7,5,2,714
user_51551,3,4,6,6,7,3,2,8,2,2,2,10,4,8,3,10,10,3,2,6,10,7,6,7,7,714
user_21571,10,6,6,3,8,4,1,7,3,7,8,10,1,3,6,6,9,6,9,1,5,3,3,4,3,715
user_38457,6,3,1,6,3,9,7,4,8,6,8,7,1,1,8,3,4,5,4,7,4,8,9,3,4,715
user_43118,6,1,7,4,3,1,7,10,7,7,4,5,10,7,1,8,10,2,10,8,5,7,7,4,1,716
user_81095,5,8,2,1,10,7,6,9,7,6,5,7,6,3,5,1,5,2,7,1,8,5,5,10,5,716
user_43058,8,2,3,2,2,2,9,5,4,7,3,3,4,3,9,2,7,6,2,2,10,10,9,3,10,717
user_61403,3,1,3,10,2,2,8,8,7,8,3,9,8,3,9,2,8,4,7,10,8,8,3,3,1,717
user_83225,5,5,6,6,2,5,4,9,4,4,4,3,9,2,6,1,2,6,10,5,10,6,8,9,8,717
user_48258,4,9,8,2,2,4,10,7,6,8,3,10,10,1,7,10,5,7,2,9,5,8,4,7,8,717
user_35413,9,9,3,2,2,1,10,8,3,9,9,10,3,4,9,7,4,8,10,6,3,4,3,6,9,718
user_86609,10,3,3,8,2,2,7,3,8,2,5,4,7,3,5,10,8,8,9,6,8,3,7,9,1,718
user_27405,1,3,7,10,8,9,8,1,8,8,10,4,3,9,2,6,4,5,5,7,4,10,8,1,4,718
user_95083,2,6,10,5,2,1,5,5,8,8,6,8,6,8,1,8,8,9,10,9,10,9,4,8,8,718
user_21239,7,5,7,6,2,8,7,6,6,10,6,10,9,3,10,10,2,2,10,8,10,9,4,3,9,719
user_44298,4,2,1,1,7,9,2,1,7,3,2,7,7,1,5,9,4,6,5,9,8,9,7,8,5,719
user_24701,6,7,5,10,6,8,6,6,5,6,9,9,6,6,9,5,3,9,2,1,10,2,8,7,6,720
user_48872,3,5,2,5,10,8,3,3,1,7,8,1,5,3,4,2,4,6,1,4,2,3,7,1,8,720
user_18044,5,4,4,8,2,6,7,8,2,9,4,1,4,5,8,1,4,6,7,2,6,4,4,9,1,720
user_90958,6,2,9,3,4,5,2,1,1,7,9,4,6,5,8,9,6,3,1,1,10,5,9,8,8,720
user_81177,10,9,2,6,1,4,6,2,2,6,7,2,3,5,10,3,7,4,7,4,7,7,10,10,4,720
user_81426,6,8,5,8,2,2,10,7,3,1,6,10,1,10,9,7,3,9,1,10,5,3,2,2,10,720
user_12342,1,3,3,2,4,4,2,6,4,8,10,2,2,2,5,9,8,1,6,4,1,10,10,4,3,720
user_21418,4,3,9,10,6,8,1,6,1,10,4,5,7,1,7,7,5,9,5,7,4,3,7,5,5,720
user_21213,4,2,4,8,4,1,6,6,10,4,10,3,4,1,3,6,2,10,2,2,10,1,4,5,10,721
user_80891,4,5,2,4,9,10,9,2,10,10,2,2,9,4,2,3,6,2,1,2,10,1,1,1,8,721
user_44185,9,9,10,2,4,3,3,4,9,3,2,4,3,8,4,1,9,4,7,6,7,8,6,2,3,721
user_32652,6,10,7,2,10,2,5,7,6,7,7,8,2,2,2,1,9,1,5,1,9,2,9,4,2,721
user_68376,1,6,7,7,3,9,2,1,6,4,8,4,6,9,10,9,7,10,8,3,10,8,7,7,3,721
user_96131,10,10,2,10,9,2,6,2,8,1,1,1,2,6,5,3,10,10,5,2,4,2,7,4,2,721
user_26264,9,3,9,9,9,3,7,9,7,9,4,1,4,8,2,4,9,6,6,1,9,7,3,8,3,721
user_46823,7,3,4,8,4,10,5,1,3,9,10,2,9,1,5,8,6,5,1,2,5,6,9,3,9,721
user_42235,5,7,6,2,10,7,1,7,5,1,1,4,5,3,6,3,1,1,6,5,6,1,10,7,2,722
user_88822,5,5,3,10,4,10,4,3,5,10,1,5,7,9,7,8,1,2,4,10,10,5,9,10,7,722
user_52129,1,7,6,8,4,9,1,4,4,1,6,1,6,4,9,8,6,6,9,7,5,5,8,6,4,723
user_57971,10,5,1,5,6,8,7,1,10,2,8,10,8,3,10,2,6,6,3,5,7,1,2,7,1,723
user_90152,9,5,10,1,5,1,1,2,6,8,5,5,1,3,4,7,2,5,6,4,4,3,5,7,5,724
user_49562,2,5,5,6,1,5,10,6,1,9,9,9,7,3,9,3,2,7,5,5,10,10,4,2,7,724
user_40502,3,4,1,9,2,2,4,8,9,9,1,6,10,10,1,2,5,5,7,6,5,7,8,8,7,724
user_24159,5,9,10,6,8,2,1,6,2,5,7,9,5,3,3,2,3,6,7,5,9,1,1,2,1,724
user_94679,9,10,4,9,1,6,4,9,2,5,7,7,3,2,3,8,4,3,7,2,1,3,9,9,3,725
user_90532,7,8,4,2,2,6,1,3,10,7,6,5,1,5,4,10,3,8,8,7,6,3,2,2,8,725
user_21356,2,5,7,1,4,4,7,9,10,6,10,4,9,5,5,9,4,1,3,5,4,6,7,5,2,725
user_12423,10,7,2,5,9,7,5,2,4,10,1,8,7,1,8,4,5,7,10,7,4,7,7,5,5,725
user_88921,6,10,9,9,1,6,8,3,9,8,8,4,7,8,3,9,1,6,3,2,3,4,10,9,3,725
user_57768,9,9,2,7,5,2,3,8,7,4,4,1,8,5,2,7,2,10,7,2,9,2,9,6,7,725
user_63596,7,2,7,5,1,5,5,10,7,7,4,8,7,6,7,9,7,7,10,1,3,1,8,3,5,725
user_86085,7,1,7,3,6,9,1,7,2,6,1,9,4,9,1,2,5,5,2,9,3,10,1,4,2,725
user_81001,8,9,2,2,6,7,9,5,1,1,1,8,8,7,6,7,6,1,10,1,3,2,1,10,1,726
user_59284,3,3,8,6,3,2,3,7,5,8,4,2,4,2,7,1,9,6,2,1,5,3,10,9,1,726
user_91320,7,9,7,10,8,2,4,6,4,3,5,6,10,6,4,5,1,5,2,9,7,10,5,2,2,727
user_94232,8,10,10,2,10,8,5,6,7,2,2,8,10,3,3,5,7,7,2,9,3,5,6,7,8,727
user_98459,2,5,9,5,5,5,7,8,4,6,9,4,1,4,10,4,2,3,10,3,1,4,3,9,3,728
user_71030,9,9,10,10,9,2,7,10,9,4,3,9,5,7,5,3,1,4,10,9,2,10,5,7,4,728
user_77959,3,4,4,5,9,7,4,1,4,3,9,7,9,2,4,9,1,3,3,1,6,8,10,9,9,729
user_72008,2,5,3,6,2,9,10,7,9,4,10,9,5,2,8,9,1,2,3,3,5,3,8,2,2,729
user_22213,7,2,1,8,9,3,10,9,2,5,10,3,4,1,1,3,2,10,2,4,6,6,9,6,4,729
user_90274,4,8,10,4,10,6,4,5,5,9,7,4,9,4,2,7,7,1,2,4,9,2,3,2,6,729
user_55644,9,6,5,9,2,4,5,2,9,10,7,1,6,3,7,9,6,10,1,8,7,1,7,7,7,729
user_92634,7,9,9,6,1,1,7,7,9,6,10,1,3,3,4,4,7,3,8,2,1,3,5,8,8,729
user_87616,3,8,4,9,6,8,7,9,9,2,3,7,3,8,10,6,3,8,1,9,10,2,4,5,1,729
user_43386,6,6,5,9,5,10,8,6,2,8,6,10,5,7,10,7,8,7,8,3,3,2,8,7,1,729
user_58177,5,4,1,5,10,1,6,3,8,5,8,7,9,5,8,10,8,2,6,8,1,7,5,9,2,730
user_62172,3,7,2,7,4,9,8,3,9,1,10,2,6,1,1,10,10,6,5,3,1,7,4,1,7,730
user_59371,1,7,9,1,1,10,3,2,10,5,3,3,2,6,3,5,8,4,2,10,2,2,9,1,8,730
user_51324,1,3,1,8,6,8,5,2,1,7,7,3,6,1,7,10,10,5,9,2,7,8,7,1,1,730
user_25326,8,5,1,9,4,8,1,6,2,9,9,9,7,3,7,8,7,1,3,7,2,5,2,9,6,731
user_14944,1,9,6,4,9,1,9,7,10,9,2,10,5,6,2,1,9,8,9,8,10,5,3,10,7,731
user_20883,7,6,10,10,6,6,6,3,10,10,6,5,8,2,2,6,6,5,7,1,3,3,1,3,5,731
user_17017,7,1,6,6,6,3,5,8,2,1,6,9,4,4,2,9,6,3,1,2,8,6,10,7,6,731
user_21155,1,8,5,9,7,5,3,10,4,8,1,3,7,9,5,1,3,3,8,5,1,4,7,7,9,731
user_47966,7,1,4,7,5,6,4,10,6,3,10,6,6,2,2,5,2,2,6,2,1,8,6,10,7,731
user_86853,10,6,2,7,6,4,3,3,10,4,6,6,5,3,7,7,6,4,9,4,9,5,3,8,6,731
user_56111,5,2,2,9,4,1,10,9,2,6,1,8,2,2,2,3,4,5,6,2,6,6,9,6,2,731
user_72128,2,1,1,3,4,2,1,4,6,8,3,10,7,10,2,5,6,1,3,5,6,1,6,6,5,732
user_29226,6,5,7,2,10,8,10,1,10,2,4,2,9,7,2,9,6,5,5,3,1,8,8,1,6,732
user_21826,7,6,7,2,6,5,7,1,7,8,10,10,8,3,1,3,1,6,2,9,2,6,3,1,10,732
user_93000,3,7,8,7,7,3,2,10,2,8,6,8,9,9,2,6,2,7,4,1,10,3,4,6,9,732
user_24469,4,8,3,4,6,9,10,3,2,2,10,4,2,3,2,1,8,1,1,3,10,1,10,4,8,733
user_92140,2,9,8,9,8,5,9,10,2,9,2,5,3,5,7,5,3,10,5,4,7,5,2,4,7,733
user_24563,10,10,9,6,7,3,9,4,7,2,1,2,10,5,3,8,4,4,5,10,10,7,1,10,8,734
user_10293,8,7,6,6,10,5,4,4,6,5,10,4,2,1,9,3,7,9,7,6,5,4,5,10,2,734
user_93242,8,1,10,7,10,7,3,2,7,2,7,8,8,9,2,5,3,10,4,5,2,9,2,7,8,734
user_74620,3,4,2,8,2,9,5,9,9,10,2,7,6,10,4,2,9,10,2,9,8,4,2,10,10,734
user_93999,6,8,5,4,1,7,2,6,1,10,10,7,3,10,6,4,8,9,4,1,8,9,10,1,6,735
user_33083,7,7,9,9,2,1,4,5,8,1,3,7,8,1,5,5,9,1,9,3,7,2,9,3,2,735
user_94285,6,4,4,6,2,5,9,6,2,9,7,6,1,4,9,4,3,1,7,3,3,7,1,5,4,736
user_56968,10,6,3,1,8,5,5,9,1,10,2,5,8,5,6,6,2,9,3,3,5,1,6,4,8,736
user_14025,5,8,2,7,10,2,3,7,5,7,10,8,2,8,9,3,1,1,5,7,2,9,7,1,3,736
user_44658,7,7,6,4,5,4,1,1,3,5,6,6,7,1,7,5,8,4,8,5,6,4,2,10,5,736
user_99738,2,4,5,7,8,8,1,9,5,3,1,2,4,5,6,6,1,8,7,9,3,5,9,8,4,736
user_91556,10,2,9,4,3,4,9,4,6,5,4,6,6,5,5,5,7,5,1,2,3,3,2,7,6,736
user_66427,9,2,10,9,2,3,9,6,3,10,7,10,3,3,1,1,5,7,4,9,7,10,7,8,8,736
user_84472,1,3,2,4,7,5,4,8,2,8,4,6,9,8,3,5,10,8,8,10,10,4,10,3,8,736
user_45827,4,3,4,2,8,1,1,9,2,2,10,10,9,5,7,6,8,10,1,8,2,2,1,4,3,737
user_43901,9,10,10,4,1,1,5,3,8,6,4,2,3,3,9,1,6,9,3,8,9,10,6,9,6,737
user_61352,6,7,8,1,7,4,6,8,8,2,4,6,2,3,8,5,10,2,1,7,4,5,6,7,1,737
user_32456,6,4,3,10,4,7,7,6,2,7,4,8,3,8,9,6,9,8,7,2,9,4,7,2,1,737
user_70508,7,3,5,9,8,10,9,3,2,5,1,8,6,4,4,5,2,2,7,1,9,7,7,10,7,737
user_11973,10,9,10,7,2,6,4,7,7,6,10,8,7,5,5,6,7,5,6,7,1,9,3,1,1,737
user_51354,6,9,10,5,9,1,10,2,7,2,10,7,2,2,10,2,6,6,3,6,5,3,8,2,8,737
user_75676,10,4,1,10,7,8,5,3,8,8,4,8,7,3,6,10,1,7,3,6,5,6,4,4,5,737
user_45273,1,1,1,2,2,1,3,10,1,5,3,8,9,6,8,7,4,8,3,10,5,6,6,5,9,738
user_85740,8,3,6,10,10,9,6,6,8,3,2,10,1,5,6,6,2,9,5,4,9,10,6,4,10,738
user_38624,3,10,6,2,3,8,8,5,7,3,8,10,8,3,4,3,10,9,8,8,10,3,9,3,6,738
user_44085,5,6,2,9,8,9,8,5,7,10,1,3,9,8,7,5,4,5,4,2,10,4,9,7,5,738
user_96808,7,10,7,6,10,6,2,10,9,10,2,3,8,9,2,9,9,5,7,6,10,2,2,9,3,738
user_14703,5,3,7,8,5,7,2,5,8,5,3,8,1,9,4,8,3,10,6,2,5,6,3,9,10,738
user_35650,1,2,3,7,8,6,5,2,6,8,6,5,5,3,4,1,6,8,5,2,7,9,10,2,1,738
user_33926,2,1,7,6,4,8,7,3,8,8,4,4,10,10,2,9,7,4,2,1,3,10,10,7,5,738
user_17586,1,7,5,1,5,3,10,1,7,3,7,3,6,2,1,6,2,6,1,5,1,7,6,7,1,739
user_35781,4,6,5,3,2,7,5,5,9,7,4,10,6,2,7,7,8,4,8,4,6,10,9,4,5,739
user_28532,9,7,3,10,3,6,4,9,3,6,3,3,5,8,8,9,7,1,5,1,10,9,8,1,3,740
user_40998,3,6,1,9,4,6,2,8,3,10,6,5,1,10,8,5,9,2,7,8,1,6,10,7,3,740
user_16400,8,7,6,5,2,5,6,6,6,3,3,7,3,10,6,7,4,7,8,5,4,10,9,3,3,740
user_69379,7,1,6,9,9,5,8,6,2,10,5,10,1,1,7,10,8,9,3,9,3,5,10,2,1,740
user_66533,6,9,6,6,6,5,8,4,8,3,5,3,6,10,3,7,7,4,2,5,6,6,7,3,4,741
user_83455,4,2,7,5,10,5,10,4,8,3,5,7,1,5,9,8,4,10,2,5,9,2,3,1,7,741
user_23119,1,1,9,5,7,6,2,7,1,10,1,4,9,7,8,7,9,3,7,6,7,9,3,7,8,741
user_97490,6,9,5,6,1,2,8,3,9,5,7,3,2,2,1,4,8,2,5,1,8,10,4,6,10,741
user_10610,8,9,9,9,3,9,10,9,9,2,6,1,10,5,1,3,8,7,1,2,8,7,6,6,7,741
user_68982,2,2,5,3,6,8,10,9,9,5,9,1,2,9,7,1,8,9,3,9,2,10,9,9,2,741
user_40797,2,2,1,7,10,8,2,9,1,9,7,7,9,8,2,3,9,10,4,5,6,3,6,6,8,741
user_46623,10,10,7,1,2,2,6,4,3,9,2,7,4,4,8,2,4,2,4,2,6,7,1,1,8,741
user_78635,9,4,6,3,3,7,10,10,2,4,4,2,3,4,6,7,7,6,9,4,1,1,1,3,7,742
user_74547,5,9,8,4,7,9,1,2,4,1,8,5,1,8,6,5,7,6,1,7,7,10,1,10,10,742
user_45324,1,4,3,8,6,10,5,6,4,1,9,7,6,4,4,3,1,7,6,2,9,4,1,8,3,742
user_34489,10,4,4,1,8,3,10,7,5,5,1,6,3,6,6,3,1,4,1,10,5,6,3,2,1,742
user_88940,10,3,6,10,7,5,6,8,9,10,2,7,7,2,5,9,7,3,3,4,6,3,6,9,9,742
user_50536,5,5,4,5,9,1,10,3,10,10,4,4,9,9,1,6,5,5,2,9,1,2,1,9,4,742
user_27279,2,1,8,4,5,8,9,4,4,8,1,2,3,3,1,3,6,6,7,4,7,5,6,2,8,742
user_57629,5,7,4,8,8,5,2,1,2,1,6,8,7,7,3,9,9,10,10,3,10,6,5,3,6,742
user_78280,9,2,2,2,6,9,10,8,5,5,3,3,6,1,10,1,3,7,6,7,8,1,2,5,4,743
user_37785,9,5,6,9,8,9,7,7,4,9,2,7,7,9,5,2,6,3,7,8,2,4,4,7,10,743
user_31329,8,6,3,4,10,7,7,6,7,8,5,1,4,8,10,3,1,10,2,8,6,10,6,3,6,743
user_10655,1,5,9,2,6,2,9,9,2,9,10,7,6,8,8,9,1,3,3,9,6,4,5,6,9,743
user_32975,4,7,1,10,6,8,1,6,8,1,9,1,2,10,5,6,9,7,4,2,7,8,1,4,8,743
user_14670,1,5,3,10,9,7,9,5,7,10,4,1,9,5,8,1,5,9,8,7,2,3,1,9,4,743
user_88509,5,4,4,5,9,1,10,1,9,10,10,7,7,2,1,1,7,8,10,3,6,1,4,4,7,743
user_20978,6,10,5,1,3,10,1,8,5,3,2,8,1,10,2,4,9,2,9,7,8,9,3,2,6,743
user_65121,4,10,7,7,6,8,7,1,8,9,1,7,8,1,2,8,10,9,4,9,6,10,2,4,4,744
user_24431,9,7,9,9,1,1,2,4,1,5,7,8,5,3,3,10,3,7,6,6,5,5,8,3,2,744
user_29885,3,6,8,8,9,5,4,8,6,1,7,6,5,6,10,7,10,3,2,10,9,5,4,7,7,744
user_15238,8,10,4,3,4,4,8,7,8,5,4,3,3,3,5,6,10,2,9,9,10,6,10,7,1,744
user_93963,2,1,9,6,5,10,3,6,9,1,1,1,9,2,8,3,5,6,5,1,10,9,1,10,9,745
user_27297,8,7,9,9,5,3,10,4,1,2,1,9,9,4,10,1,7,7,3,9,3,7,8,5,10,745
user_59689,10,7,5,1,9,7,10,10,6,3,1,6,1,2,9,8,1,5,5,5,9,4,1,9,2,745
user_60281,9,2,2,4,5,8,6,7,6,1,7,8,6,4,6,6,2,9,4,2,7,10,5,10,5,745
user_72027,2,5,5,10,6,6,10,5,2,10,6,9,3,7,2,2,4,10,8,1,1,2,3,1,8,746
user_39418,6,2,1,3,10,5,6,4,8,6,5,9,7,9,10,3,3,2,4,4,9,9,7,5,9,746
user_72971,5,4,8,6,7,6,1,7,8,7,3,8,6,3,7,8,3,10,6,10,7,6,7,6,8,746
user_69634,6,7,4,4,2,5,8,8,5,9,10,5,8,4,7,1,4,2,9,7,8,3,6,5,8,746
user_71008,6,8,2,2,7,2,9,6,9,3,8,4,6,3,5,7,9,3,10,7,10,6,1,2,1,747
user_42994,7,2,4,4,1,7,4,4,10,10,10,7,6,3,9,5,7,9,4,8,10,2,10,2,6,747
user_17056,4,9,7,9,8,9,7,2,5,7,3,3,9,7,7,6,3,8,2,3,6,9,4,8,5,747
user_84722,8,4,8,1,3,6,2,10,9,7,5,7,4,5,8,3,2,6,3,7,3,9,2,9,9,747
user_74125,4,4,4,8,7,9,9,2,3,10,4,1,8,7,4,4,4,5,5,4,6,9,4,6,6,748
user_92609,4,2,10,9,10,7,4,1,8,9,8,9,3,1,9,6,8,5,7,7,8,3,5,2,3,748
user_53349,7,10,10,5,9,6,7,1,1,1,4,9,3,3,8,7,8,10,9,1,9,3,9,9,8,749
user_87652,2,7,10,1,3,3,7,10,10,6,6,6,10,4,1,2,1,4,9,2,3,3,4,4,3,749
user_12866,2,2,4,4,4,1,5,8,4,7,1,5,2,7,2,6,10,3,9,5,2,6,9,8,6,749
user_28768,6,2,7,2,1,4,6,10,5,5,1,2,8,9,2,1,5,2,2,8,5,6,2,9,9,749
user_64177,3,3,7,9,6,6,2,10,5,8,8,6,6,6,10,7,1,5,5,5,5,2,3,5,8,749
user_58348,2,4,7,2,1,3,7,3,4,3,7,2,6,4,7,2,1,4,7,5,5,3,10,4,5,749
user_16322,3,6,2,1,4,10,6,10,4,10,6,5,2,5,4,2,2,10,10,10,2,4,6,7,5,749
user_52032,6,7,7,10,1,4,6,8,1,9,2,5,6,7,6,3,10,2,3,10,4,9,5,3,9,749
user_19027,3,9,6,5,4,8,8,3,4,2,3,4,5,3,10,1,6,5,6,3,8,5,8,2,10,750
user_99330,10,7,6,6,10,3,3,2,5,1,8,7,7,1,10,8,3,8,1,1,7,7,9,4,3,750
user_91909,5,9,6,2,1,9,10,7,9,1,1,3,1,7,3,5,2,1,4,5,4,7,8,7,5,750
user_41120,1,8,9,6,2,1,9,3,8,8,5,1,2,2,3,7,9,10,2,10,7,8,3,10,3,750
user_50357,5,1,4,7,3,5,9,4,10,2,10,7,1,7,6,10,7,3,5,1,7,10,6,9,2,750
user_51089,7,4,2,2,5,4,5,5,10,7,4,7,1,10,3,8,4,6,4,3,1,4,7,6,1,750
user_56143,3,4,8,9,2,6,3,8,5,4,4,2,8,8,10,6,10,1,1,3,6,8,1,7,7,750
user_11412,8,3,1,6,10,2,10,3,2,2,4,10,10,7,6,8,3,1,1,9,3,5,10,10,6,750
